Timestamp,Latitude,Longitude,Temperature (C),City,Gender,Age,Income,Purchases,Total Spent,Campaign Engagement
2024-01-01 00:00:00,33.4484,-112.074,7.45,Phoenix,Female,59,92603.6,8,413.6,Medium
2024-01-01 01:00:00,41.8781,-87.6298,22.19,Chicago,Male,49,72281.0,5,234.38,High
2024-01-01 02:00:00,40.7128,-74.006,23.66,New York,Female,63,75832.21,1,35.69,Low
2024-01-01 03:00:00,34.0522,-118.2437,24.75,Los Angeles,Female,31,40334.9,1,67.91,Medium
2024-01-01 04:00:00,40.7128,-74.006,7.7,New York,Male,69,67854.76,0,0.0,Low
2024-01-01 05:00:00,33.4484,-112.074,7.6,Phoenix,Male,57,97406.84,7,550.43,High
2024-01-01 06:00:00,29.7604,-95.3698,19.39,Houston,Female,60,50529.84,4,269.98,Low
2024-01-01 07:00:00,29.7604,-95.3698,18.76,Houston,Male,18,38588.27,10,129.05,Low
2024-01-01 08:00:00,29.7604,-95.3698,17.61,Houston,Female,68,34347.92,9,765.93,High
2024-01-01 09:00:00,33.4484,-112.074,8.38,Phoenix,Female,34,30224.06,3,37.85,High
2024-01-01 10:00:00,41.8781,-87.6298,3.46,Chicago,Female,43,63460.88,6,301.43,High
2024-01-01 11:00:00,41.8781,-87.6298,3.76,Chicago,Female,19,75921.62,5,338.5,Medium
2024-01-01 12:00:00,33.4484,-112.074,10.63,Phoenix,Female,26,53831.57,10,320.6,High
2024-01-01 13:00:00,34.0522,-118.2437,0.5,Los Angeles,Female,52,40093.4,9,466.37,Medium
2024-01-01 14:00:00,41.8781,-87.6298,3.45,Chicago,Male,45,20779.22,1,33.59,Low
2024-01-01 15:00:00,29.7604,-95.3698,0.25,Houston,Male,49,69680.02,8,293.99,Medium
2024-01-01 16:00:00,41.8781,-87.6298,7.44,Chicago,Male,25,83923.56,2,26.71,Low
2024-01-01 17:00:00,34.0522,-118.2437,26.14,Los Angeles,Female,51,64571.97,3,139.81,High
2024-01-01 18:00:00,40.7128,-74.006,29.59,New York,Male,57,90507.66,9,653.16,High
2024-01-01 19:00:00,41.8781,-87.6298,27.47,Chicago,Male,65,25519.57,0,0.0,Medium
2024-01-01 20:00:00,33.4484,-112.074,28.38,Phoenix,Female,41,83103.5,10,254.83,High
2024-01-01 21:00:00,33.4484,-112.074,2.1,Phoenix,Female,33,22925.18,10,923.3,High
2024-01-01 22:00:00,40.7128,-74.006,19.15,New York,Female,70,72010.11,2,80.54,Low
2024-01-01 23:00:00,33.4484,-112.074,11.2,Phoenix,Female,47,91466.01,5,214.55,Low
2024-01-02 00:00:00,29.7604,-95.3698,19.6,Houston,Female,70,28807.08,3,171.51,Low
2024-01-02 01:00:00,40.7128,-74.006,29.15,New York,Female,46,58658.85,2,33.65,High
2024-01-02 02:00:00,29.7604,-95.3698,12.25,Houston,Male,25,82923.24,2,177.64,High
2024-01-02 03:00:00,29.7604,-95.3698,24.93,Houston,Female,33,86158.78,4,221.84,High
2024-01-02 04:00:00,41.8781,-87.6298,4.97,Chicago,Male,29,26571.12,4,66.98,High
2024-01-02 05:00:00,40.7128,-74.006,26.55,New York,Male,18,28985.15,9,877.77,Medium
2024-01-02 06:00:00,34.0522,-118.2437,27.8,Los Angeles,Female,50,33300.13,0,0.0,Medium
2024-01-02 07:00:00,34.0522,-118.2437,3.37,Los Angeles,Male,46,21566.24,2,123.45,High
2024-01-02 08:00:00,34.0522,-118.2437,9.28,Los Angeles,Male,29,30818.59,0,0.0,Medium
2024-01-02 09:00:00,33.4484,-112.074,4.27,Phoenix,Female,69,54430.72,1,70.28,Medium
2024-01-02 10:00:00,33.4484,-112.074,10.41,Phoenix,Male,38,89323.61,9,770.85,High
2024-01-02 11:00:00,29.7604,-95.3698,20.64,Houston,Male,33,99106.38,7,691.26,High
2024-01-02 12:00:00,34.0522,-118.2437,6.0,Los Angeles,Female,69,39132.57,4,184.57,High
2024-01-02 13:00:00,33.4484,-112.074,26.5,Phoenix,Male,35,50635.9,7,221.04,High
2024-01-02 14:00:00,33.4484,-112.074,29.97,Phoenix,Male,69,40784.02,9,405.88,Low
2024-01-02 15:00:00,29.7604,-95.3698,21.34,Houston,Female,32,83368.2,10,183.34,High
2024-01-02 16:00:00,40.7128,-74.006,27.31,New York,Female,62,36901.25,10,310.17,Medium
2024-01-02 17:00:00,29.7604,-95.3698,0.43,Houston,Female,63,85055.95,8,739.29,Low
2024-01-02 18:00:00,41.8781,-87.6298,25.77,Chicago,Male,50,23726.12,10,454.55,High
2024-01-02 19:00:00,41.8781,-87.6298,10.62,Chicago,Male,28,26846.93,0,0.0,High
2024-01-02 20:00:00,41.8781,-87.6298,10.45,Chicago,Female,68,59125.45,7,354.43,Medium
2024-01-02 21:00:00,34.0522,-118.2437,13.47,Los Angeles,Male,37,93411.96,1,66.79,Low
2024-01-02 22:00:00,29.7604,-95.3698,11.48,Houston,Female,66,47527.65,0,0.0,Low
2024-01-02 23:00:00,40.7128,-74.006,22.66,New York,Male,34,94461.73,10,185.78,High
2024-01-03 00:00:00,33.4484,-112.074,20.7,Phoenix,Female,65,56588.04,1,50.0,Medium
2024-01-03 01:00:00,29.7604,-95.3698,2.66,Houston,Male,30,37845.81,4,314.97,Medium
2024-01-03 02:00:00,41.8781,-87.6298,24.19,Chicago,Male,18,79424.75,0,0.0,Medium
2024-01-03 03:00:00,29.7604,-95.3698,20.27,Houston,Male,60,95067.41,7,335.92,Low
2024-01-03 04:00:00,41.8781,-87.6298,18.72,Chicago,Female,38,97051.64,8,345.63,High
2024-01-03 05:00:00,40.7128,-74.006,25.83,New York,Male,21,65322.77,0,0.0,High
2024-01-03 06:00:00,29.7604,-95.3698,25.08,Houston,Male,54,59522.59,7,545.99,Low
2024-01-03 07:00:00,40.7128,-74.006,13.96,New York,Male,60,69137.31,9,362.7,High
2024-01-03 08:00:00,41.8781,-87.6298,19.47,Chicago,Male,58,24014.91,9,211.22,Medium
2024-01-03 09:00:00,41.8781,-87.6298,1.6,Chicago,Male,32,28869.87,10,727.7,High
2024-01-03 10:00:00,41.8781,-87.6298,22.92,Chicago,Female,19,81019.53,3,212.78,High
2024-01-03 11:00:00,29.7604,-95.3698,22.68,Houston,Male,41,78630.87,5,440.86,Medium
2024-01-03 12:00:00,29.7604,-95.3698,11.7,Houston,Male,68,34699.45,2,90.92,Low
2024-01-03 13:00:00,33.4484,-112.074,1.63,Phoenix,Female,60,70940.65,2,122.42,Low
2024-01-03 14:00:00,34.0522,-118.2437,18.6,Los Angeles,Male,32,25450.83,4,289.16,Medium
2024-01-03 15:00:00,33.4484,-112.074,18.89,Phoenix,Female,24,70141.37,2,105.11,High
2024-01-03 16:00:00,29.7604,-95.3698,28.04,Houston,Female,37,47359.1,1,90.22,Medium
2024-01-03 17:00:00,33.4484,-112.074,17.95,Phoenix,Female,63,63953.41,4,265.72,High
2024-01-03 18:00:00,33.4484,-112.074,1.09,Phoenix,Female,52,95444.23,8,676.85,Medium
2024-01-03 19:00:00,40.7128,-74.006,12.28,New York,Male,22,22436.1,7,96.53,Low
2024-01-03 20:00:00,41.8781,-87.6298,22.63,Chicago,Female,68,97845.94,5,497.76,Low
2024-01-03 21:00:00,40.7128,-74.006,9.06,New York,Female,49,88381.97,2,44.5,Low
2024-01-03 22:00:00,29.7604,-95.3698,29.28,Houston,Female,31,66999.53,3,76.9,High
2024-01-03 23:00:00,34.0522,-118.2437,28.76,Los Angeles,Female,49,86426.61,4,356.44,Medium
2024-01-04 00:00:00,40.7128,-74.006,26.9,New York,Male,46,91460.32,8,94.21,Low
2024-01-04 01:00:00,33.4484,-112.074,27.23,Phoenix,Female,31,29104.14,5,205.05,Medium
2024-01-04 02:00:00,34.0522,-118.2437,15.22,Los Angeles,Female,68,68826.45,3,170.87,High
2024-01-04 03:00:00,33.4484,-112.074,23.05,Phoenix,Male,21,47255.54,0,0.0,Medium
2024-01-04 04:00:00,34.0522,-118.2437,24.54,Los Angeles,Male,38,67251.07,10,154.64,Medium
2024-01-04 05:00:00,33.4484,-112.074,26.88,Phoenix,Male,35,41406.44,2,152.44,Low
2024-01-04 06:00:00,41.8781,-87.6298,17.47,Chicago,Male,30,37435.47,8,288.31,Low
2024-01-04 07:00:00,40.7128,-74.006,0.12,New York,Male,23,81498.17,10,819.8,Low
2024-01-04 08:00:00,33.4484,-112.074,15.24,Phoenix,Male,55,25452.76,9,652.76,Low
2024-01-04 09:00:00,41.8781,-87.6298,19.07,Chicago,Female,49,65785.54,1,27.95,Medium
2024-01-04 10:00:00,29.7604,-95.3698,11.08,Houston,Female,61,51869.93,3,71.96,High
2024-01-04 11:00:00,41.8781,-87.6298,13.53,Chicago,Female,61,79946.51,4,347.87,High
2024-01-04 12:00:00,33.4484,-112.074,15.92,Phoenix,Male,25,24060.28,5,371.62,Medium
2024-01-04 13:00:00,41.8781,-87.6298,12.3,Chicago,Male,51,80241.28,2,143.21,Medium
2024-01-04 14:00:00,40.7128,-74.006,6.1,New York,Female,31,75186.84,0,0.0,Low
2024-01-04 15:00:00,33.4484,-112.074,11.44,Phoenix,Female,31,70203.52,9,750.65,Medium
2024-01-04 16:00:00,33.4484,-112.074,17.7,Phoenix,Female,48,64375.85,7,617.27,Medium
2024-01-04 17:00:00,34.0522,-118.2437,25.08,Los Angeles,Male,52,27418.99,1,68.5,Medium
2024-01-04 18:00:00,41.8781,-87.6298,29.47,Chicago,Female,42,60331.59,7,493.21,Medium
2024-01-04 19:00:00,33.4484,-112.074,24.01,Phoenix,Female,34,58820.47,5,417.74,Low
2024-01-04 20:00:00,41.8781,-87.6298,3.75,Chicago,Female,50,51586.43,5,311.66,Medium
2024-01-04 21:00:00,33.4484,-112.074,22.46,Phoenix,Male,33,51796.46,0,0.0,Low
2024-01-04 22:00:00,41.8781,-87.6298,2.58,Chicago,Male,51,54342.1,5,321.16,High
2024-01-04 23:00:00,40.7128,-74.006,27.89,New York,Female,56,38720.77,0,0.0,Low
2024-01-05 00:00:00,29.7604,-95.3698,7.49,Houston,Male,61,45698.62,2,150.02,Low
2024-01-05 01:00:00,40.7128,-74.006,20.5,New York,Female,58,96059.43,8,654.51,High
2024-01-05 02:00:00,33.4484,-112.074,16.64,Phoenix,Male,39,78863.71,0,0.0,Low
2024-01-05 03:00:00,29.7604,-95.3698,23.34,Houston,Female,59,90883.82,7,366.74,Medium
2024-01-05 04:00:00,41.8781,-87.6298,23.46,Chicago,Female,48,46621.39,8,750.5,Low
2024-01-05 05:00:00,41.8781,-87.6298,8.17,Chicago,Male,52,32632.35,1,91.44,Low
2024-01-05 06:00:00,33.4484,-112.074,27.06,Phoenix,Male,68,31918.28,5,309.14,Medium
2024-01-05 07:00:00,34.0522,-118.2437,23.33,Los Angeles,Female,60,74026.75,6,166.24,High
2024-01-05 08:00:00,34.0522,-118.2437,26.24,Los Angeles,Female,18,50590.86,9,391.37,Low
2024-01-05 09:00:00,41.8781,-87.6298,7.07,Chicago,Male,34,30227.14,2,123.97,Low
2024-01-05 10:00:00,40.7128,-74.006,11.9,New York,Female,54,81876.49,0,0.0,Low
2024-01-05 11:00:00,40.7128,-74.006,13.02,New York,Female,39,48093.42,10,309.33,High
2024-01-05 12:00:00,29.7604,-95.3698,0.99,Houston,Male,47,94037.86,1,12.52,High
2024-01-05 13:00:00,41.8781,-87.6298,27.93,Chicago,Male,37,45049.72,7,512.16,Medium
2024-01-05 14:00:00,33.4484,-112.074,13.83,Phoenix,Female,61,89258.5,5,497.63,Medium
2024-01-05 15:00:00,33.4484,-112.074,26.35,Phoenix,Male,30,48844.11,4,388.63,Medium
2024-01-05 16:00:00,29.7604,-95.3698,3.67,Houston,Male,65,76910.69,5,359.11,Low
2024-01-05 17:00:00,41.8781,-87.6298,12.54,Chicago,Male,35,24305.92,2,195.16,Medium
2024-01-05 18:00:00,29.7604,-95.3698,1.5,Houston,Female,55,46467.79,10,719.61,Low
2024-01-05 19:00:00,34.0522,-118.2437,9.65,Los Angeles,Female,62,35479.54,3,289.72,Low
2024-01-05 20:00:00,29.7604,-95.3698,9.8,Houston,Male,34,80573.88,2,143.49,Medium
2024-01-05 21:00:00,34.0522,-118.2437,15.35,Los Angeles,Male,54,55957.51,3,234.54,Low
2024-01-05 22:00:00,33.4484,-112.074,23.56,Phoenix,Female,62,34817.35,9,641.79,Low
2024-01-05 23:00:00,34.0522,-118.2437,25.36,Los Angeles,Male,31,59514.9,2,137.11,High
2024-01-06 00:00:00,40.7128,-74.006,9.39,New York,Female,47,25555.14,7,428.69,Low
2024-01-06 01:00:00,33.4484,-112.074,2.26,Phoenix,Female,27,65648.86,9,98.89,Low
2024-01-06 02:00:00,29.7604,-95.3698,7.43,Houston,Female,21,29025.27,2,139.23,Medium
2024-01-06 03:00:00,41.8781,-87.6298,6.62,Chicago,Female,62,39849.05,9,748.32,Medium
2024-01-06 04:00:00,29.7604,-95.3698,26.68,Houston,Female,52,99574.44,5,264.01,Medium
2024-01-06 05:00:00,33.4484,-112.074,24.86,Phoenix,Female,22,35473.98,3,151.84,High
2024-01-06 06:00:00,34.0522,-118.2437,25.49,Los Angeles,Female,55,79413.93,2,90.52,High
2024-01-06 07:00:00,34.0522,-118.2437,1.53,Los Angeles,Male,46,81451.27,6,409.3,Low
2024-01-06 08:00:00,34.0522,-118.2437,18.59,Los Angeles,Male,68,56372.1,6,556.21,Medium
2024-01-06 09:00:00,40.7128,-74.006,12.09,New York,Female,19,79802.6,1,92.4,High
2024-01-06 10:00:00,34.0522,-118.2437,25.0,Los Angeles,Male,37,52800.94,7,623.35,Low
2024-01-06 11:00:00,29.7604,-95.3698,21.26,Houston,Female,66,97892.47,6,361.85,Medium
2024-01-06 12:00:00,29.7604,-95.3698,9.64,Houston,Male,33,65790.41,3,91.84,High
2024-01-06 13:00:00,29.7604,-95.3698,4.17,Houston,Male,48,91941.59,4,75.22,High
2024-01-06 14:00:00,40.7128,-74.006,7.2,New York,Male,67,82771.64,0,0.0,Low
2024-01-06 15:00:00,29.7604,-95.3698,27.38,Houston,Male,50,60676.25,10,843.83,High
2024-01-06 16:00:00,34.0522,-118.2437,16.14,Los Angeles,Female,39,29252.74,3,177.24,High
2024-01-06 17:00:00,41.8781,-87.6298,16.71,Chicago,Male,48,38024.06,4,118.15,Low
2024-01-06 18:00:00,34.0522,-118.2437,2.57,Los Angeles,Male,55,72843.21,6,116.67,Medium
2024-01-06 19:00:00,29.7604,-95.3698,4.31,Houston,Male,24,96673.13,5,451.68,Low
2024-01-06 20:00:00,41.8781,-87.6298,28.99,Chicago,Female,49,28532.08,9,455.99,Low
2024-01-06 21:00:00,33.4484,-112.074,8.35,Phoenix,Male,27,50445.66,7,670.46,Low
2024-01-06 22:00:00,41.8781,-87.6298,11.71,Chicago,Male,58,26142.45,9,176.14,High
2024-01-06 23:00:00,41.8781,-87.6298,11.72,Chicago,Female,22,23204.28,10,796.4,High
2024-01-07 00:00:00,29.7604,-95.3698,26.68,Houston,Female,31,38095.17,1,84.74,Low
2024-01-07 01:00:00,40.7128,-74.006,15.1,New York,Female,54,38719.68,1,54.87,High
2024-01-07 02:00:00,40.7128,-74.006,12.84,New York,Female,62,30104.92,2,154.27,Medium
2024-01-07 03:00:00,40.7128,-74.006,27.22,New York,Female,49,28419.61,6,547.02,High
2024-01-07 04:00:00,34.0522,-118.2437,23.77,Los Angeles,Male,35,99003.73,0,0.0,High
2024-01-07 05:00:00,33.4484,-112.074,15.34,Phoenix,Male,40,96128.72,0,0.0,Medium
2024-01-07 06:00:00,33.4484,-112.074,16.09,Phoenix,Male,29,39567.3,10,193.96,Low
2024-01-07 07:00:00,41.8781,-87.6298,11.07,Chicago,Male,36,60779.75,7,432.12,Medium
2024-01-07 08:00:00,29.7604,-95.3698,20.51,Houston,Female,34,90644.61,0,0.0,High
2024-01-07 09:00:00,40.7128,-74.006,20.21,New York,Male,54,82582.74,10,643.28,High
2024-01-07 10:00:00,40.7128,-74.006,10.78,New York,Female,45,94155.54,10,676.76,Medium
2024-01-07 11:00:00,33.4484,-112.074,3.45,Phoenix,Male,50,36249.12,7,206.49,Low
2024-01-07 12:00:00,41.8781,-87.6298,5.3,Chicago,Female,34,84602.74,9,579.54,Low
2024-01-07 13:00:00,34.0522,-118.2437,2.81,Los Angeles,Female,69,25948.13,9,754.09,Medium
2024-01-07 14:00:00,41.8781,-87.6298,21.85,Chicago,Male,25,90349.98,5,68.29,High
2024-01-07 15:00:00,29.7604,-95.3698,2.69,Houston,Male,36,46598.18,6,68.88,High
2024-01-07 16:00:00,40.7128,-74.006,3.77,New York,Male,19,78638.41,0,0.0,High
2024-01-07 17:00:00,34.0522,-118.2437,9.15,Los Angeles,Female,66,93251.45,4,324.04,Medium
2024-01-07 18:00:00,33.4484,-112.074,25.63,Phoenix,Female,28,72010.7,6,122.81,Medium
2024-01-07 19:00:00,34.0522,-118.2437,26.62,Los Angeles,Male,69,65994.12,4,101.37,Low
2024-01-07 20:00:00,34.0522,-118.2437,23.23,Los Angeles,Female,45,70546.46,6,308.5,Low
2024-01-07 21:00:00,41.8781,-87.6298,10.2,Chicago,Female,51,71228.38,4,143.42,Low
2024-01-07 22:00:00,34.0522,-118.2437,20.37,Los Angeles,Female,63,90259.44,6,388.17,Low
2024-01-07 23:00:00,34.0522,-118.2437,17.18,Los Angeles,Female,25,50974.45,6,87.21,High
2024-01-08 00:00:00,29.7604,-95.3698,28.5,Houston,Male,47,50948.93,9,584.98,Medium
2024-01-08 01:00:00,33.4484,-112.074,21.38,Phoenix,Female,18,38901.21,1,81.58,High
2024-01-08 02:00:00,41.8781,-87.6298,9.88,Chicago,Female,22,96616.44,0,0.0,Low
2024-01-08 03:00:00,40.7128,-74.006,1.37,New York,Female,27,59318.11,3,270.31,High
2024-01-08 04:00:00,41.8781,-87.6298,3.53,Chicago,Male,50,30152.71,7,525.22,Low
2024-01-08 05:00:00,33.4484,-112.074,4.16,Phoenix,Male,40,51133.94,1,61.39,High
2024-01-08 06:00:00,41.8781,-87.6298,16.16,Chicago,Male,28,48666.67,7,282.23,Medium
2024-01-08 07:00:00,33.4484,-112.074,15.5,Phoenix,Female,57,51893.61,8,664.44,Medium
2024-01-08 08:00:00,40.7128,-74.006,26.85,New York,Male,49,35076.82,7,442.71,High
2024-01-08 09:00:00,34.0522,-118.2437,12.83,Los Angeles,Female,36,26102.7,7,362.22,Medium
2024-01-08 10:00:00,29.7604,-95.3698,24.45,Houston,Male,24,80279.84,5,247.76,High
2024-01-08 11:00:00,34.0522,-118.2437,22.71,Los Angeles,Female,43,27697.21,0,0.0,Medium
2024-01-08 12:00:00,29.7604,-95.3698,6.23,Houston,Male,25,34578.29,1,34.06,Low
2024-01-08 13:00:00,40.7128,-74.006,16.67,New York,Male,24,65921.33,10,318.17,Medium
2024-01-08 14:00:00,29.7604,-95.3698,8.1,Houston,Male,31,95311.43,10,877.43,High
2024-01-08 15:00:00,41.8781,-87.6298,7.65,Chicago,Female,42,57254.62,7,208.6,Low
2024-01-08 16:00:00,41.8781,-87.6298,16.69,Chicago,Male,70,68122.23,4,184.02,High
2024-01-08 17:00:00,34.0522,-118.2437,15.99,Los Angeles,Male,28,40586.62,2,48.73,Medium
2024-01-08 18:00:00,41.8781,-87.6298,23.43,Chicago,Female,57,28749.2,0,0.0,High
2024-01-08 19:00:00,29.7604,-95.3698,28.73,Houston,Female,45,73609.33,9,552.87,Low
2024-01-08 20:00:00,29.7604,-95.3698,4.22,Houston,Male,25,79451.72,6,555.48,High
2024-01-08 21:00:00,41.8781,-87.6298,17.07,Chicago,Female,28,29983.09,0,0.0,High
2024-01-08 22:00:00,34.0522,-118.2437,2.27,Los Angeles,Female,58,67407.29,4,273.81,Medium
2024-01-08 23:00:00,40.7128,-74.006,17.33,New York,Male,27,74702.42,5,116.71,Medium
2024-01-09 00:00:00,40.7128,-74.006,10.72,New York,Male,62,77560.52,10,804.26,Medium
2024-01-09 01:00:00,40.7128,-74.006,20.03,New York,Male,43,95809.88,6,496.35,Low
2024-01-09 02:00:00,29.7604,-95.3698,0.26,Houston,Female,58,54930.38,9,404.86,High
2024-01-09 03:00:00,34.0522,-118.2437,20.27,Los Angeles,Male,50,29343.84,1,51.59,Low
2024-01-09 04:00:00,33.4484,-112.074,3.19,Phoenix,Female,50,20645.18,6,277.45,High
2024-01-09 05:00:00,41.8781,-87.6298,0.8,Chicago,Male,48,44531.62,4,249.73,Medium
2024-01-09 06:00:00,34.0522,-118.2437,7.99,Los Angeles,Male,60,66160.8,4,185.71,High
2024-01-09 07:00:00,40.7128,-74.006,18.97,New York,Male,27,85391.15,6,585.41,High
2024-01-09 08:00:00,34.0522,-118.2437,17.47,Los Angeles,Female,52,31960.39,5,242.54,Low
2024-01-09 09:00:00,40.7128,-74.006,13.13,New York,Male,24,20654.39,6,77.0,Low
2024-01-09 10:00:00,33.4484,-112.074,10.46,Phoenix,Female,34,72047.76,7,442.17,Low
2024-01-09 11:00:00,33.4484,-112.074,8.44,Phoenix,Male,23,90604.48,0,0.0,High
2024-01-09 12:00:00,41.8781,-87.6298,4.83,Chicago,Male,59,31238.31,5,454.51,High
2024-01-09 13:00:00,29.7604,-95.3698,28.59,Houston,Male,35,59882.06,8,407.5,Medium
2024-01-09 14:00:00,41.8781,-87.6298,6.86,Chicago,Male,28,93212.45,3,239.27,Medium
2024-01-09 15:00:00,34.0522,-118.2437,15.71,Los Angeles,Female,66,99251.54,10,828.08,Medium
2024-01-09 16:00:00,33.4484,-112.074,7.88,Phoenix,Male,66,48262.61,9,233.51,Low
2024-01-09 17:00:00,33.4484,-112.074,6.44,Phoenix,Male,60,26310.24,5,152.35,High
2024-01-09 18:00:00,40.7128,-74.006,0.04,New York,Female,44,27384.08,8,287.01,Low
2024-01-09 19:00:00,33.4484,-112.074,23.15,Phoenix,Female,62,58348.53,0,0.0,Medium
2024-01-09 20:00:00,29.7604,-95.3698,13.62,Houston,Male,34,34081.84,0,0.0,High
2024-01-09 21:00:00,41.8781,-87.6298,29.81,Chicago,Male,20,41487.13,3,33.16,Low
2024-01-09 22:00:00,41.8781,-87.6298,21.62,Chicago,Female,36,79201.08,9,433.84,High
2024-01-09 23:00:00,40.7128,-74.006,6.35,New York,Female,64,34397.0,2,41.05,Medium
2024-01-10 00:00:00,33.4484,-112.074,9.07,Phoenix,Male,34,36800.71,6,217.8,Medium
2024-01-10 01:00:00,29.7604,-95.3698,17.54,Houston,Female,36,64318.67,4,384.24,Medium
2024-01-10 02:00:00,41.8781,-87.6298,23.69,Chicago,Female,23,39381.99,9,99.06,High
2024-01-10 03:00:00,33.4484,-112.074,9.95,Phoenix,Female,19,40678.01,8,131.94,Low
2024-01-10 04:00:00,34.0522,-118.2437,7.23,Los Angeles,Male,29,51110.78,0,0.0,High
2024-01-10 05:00:00,29.7604,-95.3698,10.42,Houston,Male,39,70270.45,6,75.92,High
2024-01-10 06:00:00,29.7604,-95.3698,22.49,Houston,Female,30,61135.04,10,128.07,High
2024-01-10 07:00:00,29.7604,-95.3698,13.97,Houston,Male,30,52300.09,0,0.0,High
2024-01-10 08:00:00,33.4484,-112.074,0.09,Phoenix,Female,42,75942.33,1,33.33,Medium
2024-01-10 09:00:00,40.7128,-74.006,23.54,New York,Female,25,78036.46,9,285.9,High
2024-01-10 10:00:00,34.0522,-118.2437,29.74,Los Angeles,Female,53,73422.27,1,43.45,Medium
2024-01-10 11:00:00,29.7604,-95.3698,20.96,Houston,Female,20,39410.08,4,57.4,Medium
2024-01-10 12:00:00,29.7604,-95.3698,28.66,Houston,Male,70,60175.57,7,268.09,Low
2024-01-10 13:00:00,41.8781,-87.6298,27.23,Chicago,Female,64,96817.38,6,80.97,High
2024-01-10 14:00:00,41.8781,-87.6298,24.43,Chicago,Male,70,23374.12,8,226.93,High
2024-01-10 15:00:00,34.0522,-118.2437,0.78,Los Angeles,Male,65,64307.97,7,423.69,Medium
2024-01-10 16:00:00,40.7128,-74.006,13.09,New York,Male,38,73961.36,0,0.0,Medium
2024-01-10 17:00:00,40.7128,-74.006,26.15,New York,Male,27,76528.41,1,96.3,High
2024-01-10 18:00:00,33.4484,-112.074,12.28,Phoenix,Female,24,84551.34,0,0.0,Low
2024-01-10 19:00:00,33.4484,-112.074,5.91,Phoenix,Male,25,76689.71,9,334.05,High
2024-01-10 20:00:00,34.0522,-118.2437,15.38,Los Angeles,Male,42,80125.94,2,129.43,High
2024-01-10 21:00:00,33.4484,-112.074,27.33,Phoenix,Male,63,54844.25,4,110.59,Medium
2024-01-10 22:00:00,41.8781,-87.6298,15.02,Chicago,Female,38,88647.47,9,594.48,High
2024-01-10 23:00:00,40.7128,-74.006,2.13,New York,Male,26,82681.32,7,93.47,Low
2024-01-11 00:00:00,33.4484,-112.074,5.67,Phoenix,Male,35,38847.88,5,286.5,Low
2024-01-11 01:00:00,40.7128,-74.006,26.79,New York,Male,21,32101.27,1,28.77,Medium
2024-01-11 02:00:00,33.4484,-112.074,17.78,Phoenix,Female,35,64710.85,5,77.22,Low
2024-01-11 03:00:00,29.7604,-95.3698,17.21,Houston,Male,51,53664.7,10,972.1,High
2024-01-11 04:00:00,29.7604,-95.3698,0.07,Houston,Male,28,76819.42,8,212.07,High
2024-01-11 05:00:00,41.8781,-87.6298,12.34,Chicago,Female,61,31003.13,4,393.81,High
2024-01-11 06:00:00,29.7604,-95.3698,3.93,Houston,Female,51,20721.03,2,101.78,High
2024-01-11 07:00:00,41.8781,-87.6298,2.26,Chicago,Male,64,77224.07,9,793.45,Medium
2024-01-11 08:00:00,40.7128,-74.006,15.19,New York,Male,33,37446.46,1,15.17,Low
2024-01-11 09:00:00,40.7128,-74.006,22.18,New York,Male,21,95862.35,3,87.14,Medium
2024-01-11 10:00:00,29.7604,-95.3698,26.78,Houston,Male,70,57785.41,2,76.6,Medium
2024-01-11 11:00:00,33.4484,-112.074,20.69,Phoenix,Male,36,83881.64,10,581.39,Low
2024-01-11 12:00:00,33.4484,-112.074,8.11,Phoenix,Male,37,54835.36,10,794.36,Low
2024-01-11 13:00:00,33.4484,-112.074,15.75,Phoenix,Male,33,75739.93,0,0.0,Low
2024-01-11 14:00:00,34.0522,-118.2437,19.12,Los Angeles,Male,59,26051.84,0,0.0,Medium
2024-01-11 15:00:00,41.8781,-87.6298,29.04,Chicago,Male,19,80129.91,2,123.68,Medium
2024-01-11 16:00:00,34.0522,-118.2437,17.0,Los Angeles,Male,59,71172.05,8,706.15,Medium
2024-01-11 17:00:00,29.7604,-95.3698,5.5,Houston,Male,43,25294.62,4,112.58,Low
2024-01-11 18:00:00,33.4484,-112.074,23.67,Phoenix,Male,56,42252.05,1,60.09,Medium
2024-01-11 19:00:00,33.4484,-112.074,28.91,Phoenix,Female,43,65998.45,0,0.0,Low
2024-01-11 20:00:00,29.7604,-95.3698,23.64,Houston,Male,35,26083.97,4,309.49,Medium
2024-01-11 21:00:00,29.7604,-95.3698,11.84,Houston,Male,48,23493.34,0,0.0,Low
2024-01-11 22:00:00,41.8781,-87.6298,16.26,Chicago,Female,38,34965.99,3,288.9,High
2024-01-11 23:00:00,40.7128,-74.006,27.42,New York,Male,48,51759.37,5,293.7,High
2024-01-12 00:00:00,40.7128,-74.006,18.91,New York,Female,69,38431.03,3,294.43,Low
2024-01-12 01:00:00,41.8781,-87.6298,23.38,Chicago,Male,43,92853.6,4,339.61,High
2024-01-12 02:00:00,33.4484,-112.074,15.84,Phoenix,Male,56,67215.55,7,369.28,High
2024-01-12 03:00:00,40.7128,-74.006,23.59,New York,Male,18,99331.09,5,174.77,Medium
2024-01-12 04:00:00,40.7128,-74.006,0.82,New York,Male,54,22600.02,8,636.21,Medium
2024-01-12 05:00:00,34.0522,-118.2437,27.87,Los Angeles,Female,49,65052.91,8,119.8,Medium
2024-01-12 06:00:00,41.8781,-87.6298,22.88,Chicago,Female,67,30987.23,10,755.78,Medium
2024-01-12 07:00:00,33.4484,-112.074,19.15,Phoenix,Male,20,92240.44,3,144.9,Medium
2024-01-12 08:00:00,41.8781,-87.6298,16.32,Chicago,Male,36,61712.58,3,289.97,High
2024-01-12 09:00:00,29.7604,-95.3698,9.72,Houston,Female,54,25821.79,4,76.95,Medium
2024-01-12 10:00:00,33.4484,-112.074,0.82,Phoenix,Male,46,35909.81,1,34.96,High
2024-01-12 11:00:00,29.7604,-95.3698,29.35,Houston,Male,18,47696.23,0,0.0,Low
2024-01-12 12:00:00,33.4484,-112.074,14.91,Phoenix,Male,64,35293.33,0,0.0,Medium
2024-01-12 13:00:00,40.7128,-74.006,0.4,New York,Female,68,31569.04,2,125.8,Low
2024-01-12 14:00:00,40.7128,-74.006,13.13,New York,Male,68,21037.9,8,623.35,High
2024-01-12 15:00:00,29.7604,-95.3698,11.35,Houston,Male,49,35644.18,6,384.99,Medium
2024-01-12 16:00:00,29.7604,-95.3698,2.41,Houston,Male,62,28414.72,4,364.71,Medium
2024-01-12 17:00:00,29.7604,-95.3698,12.97,Houston,Female,69,26572.57,1,77.75,Medium
2024-01-12 18:00:00,41.8781,-87.6298,15.05,Chicago,Male,30,42922.27,7,231.66,High
2024-01-12 19:00:00,29.7604,-95.3698,29.52,Houston,Male,52,30833.76,2,130.75,High
2024-01-12 20:00:00,40.7128,-74.006,3.71,New York,Male,26,64904.42,0,0.0,High
2024-01-12 21:00:00,33.4484,-112.074,13.52,Phoenix,Male,22,21503.77,8,533.91,High
2024-01-12 22:00:00,41.8781,-87.6298,22.81,Chicago,Female,38,26113.64,3,69.91,Low
2024-01-12 23:00:00,33.4484,-112.074,10.34,Phoenix,Male,21,40197.17,1,57.78,High
2024-01-13 00:00:00,33.4484,-112.074,4.36,Phoenix,Female,43,79256.38,8,299.29,High
2024-01-13 01:00:00,29.7604,-95.3698,4.37,Houston,Female,47,75993.86,0,0.0,High
2024-01-13 02:00:00,29.7604,-95.3698,19.24,Houston,Female,19,20864.05,2,65.93,High
2024-01-13 03:00:00,29.7604,-95.3698,7.94,Houston,Male,29,27984.77,6,344.89,Medium
2024-01-13 04:00:00,34.0522,-118.2437,19.89,Los Angeles,Male,46,34258.22,1,80.53,Low
2024-01-13 05:00:00,33.4484,-112.074,13.42,Phoenix,Female,33,24834.09,9,447.94,High
2024-01-13 06:00:00,34.0522,-118.2437,22.11,Los Angeles,Male,27,73866.62,7,550.39,Medium
2024-01-13 07:00:00,34.0522,-118.2437,11.2,Los Angeles,Male,23,63381.51,0,0.0,High
2024-01-13 08:00:00,33.4484,-112.074,19.06,Phoenix,Female,26,57370.49,9,94.52,High
2024-01-13 09:00:00,34.0522,-118.2437,24.79,Los Angeles,Female,39,26336.78,9,735.8,High
2024-01-13 10:00:00,33.4484,-112.074,5.22,Phoenix,Male,52,55385.64,4,328.75,High
2024-01-13 11:00:00,33.4484,-112.074,11.41,Phoenix,Female,37,99396.76,5,498.37,Medium
2024-01-13 12:00:00,41.8781,-87.6298,8.71,Chicago,Male,37,68981.47,1,46.11,Low
2024-01-13 13:00:00,34.0522,-118.2437,14.43,Los Angeles,Male,48,44230.49,3,38.91,Medium
2024-01-13 14:00:00,41.8781,-87.6298,24.95,Chicago,Male,19,97046.23,8,691.3,High
2024-01-13 15:00:00,40.7128,-74.006,20.71,New York,Male,24,33471.26,5,203.51,Low
2024-01-13 16:00:00,33.4484,-112.074,0.33,Phoenix,Male,37,90806.13,5,289.13,Medium
2024-01-13 17:00:00,29.7604,-95.3698,29.22,Houston,Male,50,70439.93,8,84.85,Medium
2024-01-13 18:00:00,33.4484,-112.074,24.5,Phoenix,Female,64,81517.92,6,473.96,Medium
2024-01-13 19:00:00,41.8781,-87.6298,17.92,Chicago,Male,69,93191.48,4,105.14,Low
2024-01-13 20:00:00,34.0522,-118.2437,10.1,Los Angeles,Male,57,23755.58,2,37.81,High
2024-01-13 21:00:00,29.7604,-95.3698,7.91,Houston,Male,58,30509.5,7,539.42,Medium
2024-01-13 22:00:00,34.0522,-118.2437,6.39,Los Angeles,Male,30,61366.01,9,739.56,Low
2024-01-13 23:00:00,40.7128,-74.006,10.95,New York,Female,58,41639.06,3,180.75,Low
2024-01-14 00:00:00,34.0522,-118.2437,28.29,Los Angeles,Male,26,38222.05,2,124.88,High
2024-01-14 01:00:00,33.4484,-112.074,24.26,Phoenix,Male,47,86347.41,0,0.0,Low
2024-01-14 02:00:00,29.7604,-95.3698,7.5,Houston,Female,60,82333.26,0,0.0,Medium
2024-01-14 03:00:00,40.7128,-74.006,1.88,New York,Female,54,43705.75,3,281.44,Medium
2024-01-14 04:00:00,29.7604,-95.3698,28.73,Houston,Female,46,55452.0,4,196.41,Medium
2024-01-14 05:00:00,40.7128,-74.006,27.63,New York,Female,59,94654.37,1,58.34,High
2024-01-14 06:00:00,34.0522,-118.2437,14.27,Los Angeles,Male,20,72223.24,3,137.79,Medium
2024-01-14 07:00:00,33.4484,-112.074,15.18,Phoenix,Female,46,65945.49,3,194.57,Low
2024-01-14 08:00:00,34.0522,-118.2437,24.91,Los Angeles,Male,65,95906.21,2,117.2,High
2024-01-14 09:00:00,29.7604,-95.3698,20.72,Houston,Male,66,22134.4,9,582.42,High
2024-01-14 10:00:00,40.7128,-74.006,20.44,New York,Male,68,44645.13,7,500.81,Medium
2024-01-14 11:00:00,29.7604,-95.3698,0.56,Houston,Female,38,71176.35,3,153.6,Low
2024-01-14 12:00:00,29.7604,-95.3698,8.34,Houston,Male,41,84491.78,3,252.24,Medium
2024-01-14 13:00:00,29.7604,-95.3698,23.14,Houston,Female,46,39524.94,4,54.46,Low
2024-01-14 14:00:00,33.4484,-112.074,14.9,Phoenix,Female,52,68626.5,2,127.13,Low
2024-01-14 15:00:00,34.0522,-118.2437,18.65,Los Angeles,Female,20,95378.73,4,365.3,Low
2024-01-14 16:00:00,40.7128,-74.006,28.4,New York,Female,50,41980.77,4,234.6,Medium
2024-01-14 17:00:00,29.7604,-95.3698,0.69,Houston,Male,43,39781.08,7,172.31,Low
2024-01-14 18:00:00,29.7604,-95.3698,29.87,Houston,Female,33,60337.75,9,634.6,Medium
2024-01-14 19:00:00,29.7604,-95.3698,29.44,Houston,Female,56,85048.82,3,246.25,High
2024-01-14 20:00:00,33.4484,-112.074,23.33,Phoenix,Female,29,85867.55,8,229.61,High
2024-01-14 21:00:00,40.7128,-74.006,10.7,New York,Male,36,88529.96,10,391.16,High
2024-01-14 22:00:00,33.4484,-112.074,16.77,Phoenix,Male,66,28758.03,2,143.64,Medium
2024-01-14 23:00:00,41.8781,-87.6298,26.04,Chicago,Female,28,93411.11,0,0.0,Medium
2024-01-15 00:00:00,41.8781,-87.6298,8.38,Chicago,Female,28,92681.14,5,184.35,Medium
2024-01-15 01:00:00,33.4484,-112.074,24.97,Phoenix,Male,40,58692.18,0,0.0,Low
2024-01-15 02:00:00,34.0522,-118.2437,5.65,Los Angeles,Male,42,53588.37,7,253.05,Medium
2024-01-15 03:00:00,40.7128,-74.006,17.64,New York,Female,63,48736.72,2,30.53,Medium
2024-01-15 04:00:00,34.0522,-118.2437,19.57,Los Angeles,Male,20,36713.04,3,72.75,High
2024-01-15 05:00:00,41.8781,-87.6298,1.88,Chicago,Male,63,46028.64,8,144.58,Low
2024-01-15 06:00:00,40.7128,-74.006,12.96,New York,Female,67,94101.18,5,367.65,Low
2024-01-15 07:00:00,40.7128,-74.006,10.46,New York,Male,45,43838.25,4,213.37,Low
2024-01-15 08:00:00,40.7128,-74.006,5.44,New York,Female,64,38908.17,3,100.19,High
2024-01-15 09:00:00,41.8781,-87.6298,5.19,Chicago,Male,68,91692.22,8,515.23,Low
2024-01-15 10:00:00,34.0522,-118.2437,0.24,Los Angeles,Female,44,26862.31,3,149.53,Medium
2024-01-15 11:00:00,33.4484,-112.074,11.68,Phoenix,Male,52,49693.72,6,516.34,High
2024-01-15 12:00:00,34.0522,-118.2437,17.89,Los Angeles,Female,47,89747.9,6,149.02,Medium
2024-01-15 13:00:00,40.7128,-74.006,13.32,New York,Male,20,39940.98,2,71.23,High
2024-01-15 14:00:00,33.4484,-112.074,13.72,Phoenix,Male,55,45809.19,10,763.49,Low
2024-01-15 15:00:00,33.4484,-112.074,0.6,Phoenix,Male,58,31855.7,4,191.18,Low
2024-01-15 16:00:00,41.8781,-87.6298,17.58,Chicago,Male,31,92982.79,8,663.99,High
2024-01-15 17:00:00,40.7128,-74.006,7.11,New York,Female,54,58395.46,0,0.0,Medium
2024-01-15 18:00:00,41.8781,-87.6298,0.69,Chicago,Male,50,31850.1,8,740.74,Low
2024-01-15 19:00:00,33.4484,-112.074,1.18,Phoenix,Female,34,65795.03,9,762.95,High
2024-01-15 20:00:00,34.0522,-118.2437,27.6,Los Angeles,Male,44,84577.1,2,159.64,Low
2024-01-15 21:00:00,41.8781,-87.6298,2.25,Chicago,Male,31,70081.93,8,382.2,Medium
2024-01-15 22:00:00,40.7128,-74.006,10.94,New York,Female,61,54373.5,4,312.42,Medium
2024-01-15 23:00:00,29.7604,-95.3698,29.15,Houston,Male,50,32841.43,9,689.52,High
2024-01-16 00:00:00,41.8781,-87.6298,0.11,Chicago,Female,58,91114.0,4,40.82,Low
2024-01-16 01:00:00,41.8781,-87.6298,10.24,Chicago,Female,39,55199.76,8,777.02,Low
2024-01-16 02:00:00,34.0522,-118.2437,1.22,Los Angeles,Male,33,80605.79,2,173.11,Low
2024-01-16 03:00:00,41.8781,-87.6298,21.34,Chicago,Male,34,50553.07,10,149.85,High
2024-01-16 04:00:00,29.7604,-95.3698,14.5,Houston,Male,18,29118.78,1,33.09,Medium
2024-01-16 05:00:00,41.8781,-87.6298,10.07,Chicago,Female,44,70449.46,7,642.42,Low
2024-01-16 06:00:00,40.7128,-74.006,27.68,New York,Male,32,43210.52,6,415.9,High
2024-01-16 07:00:00,40.7128,-74.006,8.02,New York,Male,36,52338.88,1,24.15,Medium
2024-01-16 08:00:00,41.8781,-87.6298,24.9,Chicago,Male,49,59373.85,7,215.45,Low
2024-01-16 09:00:00,34.0522,-118.2437,11.84,Los Angeles,Male,58,75877.27,6,242.61,High
2024-01-16 10:00:00,34.0522,-118.2437,24.46,Los Angeles,Male,47,46760.6,7,278.28,Medium
2024-01-16 11:00:00,33.4484,-112.074,18.59,Phoenix,Female,50,22736.03,4,144.08,Low
2024-01-16 12:00:00,41.8781,-87.6298,22.66,Chicago,Female,63,56513.27,4,318.24,High
2024-01-16 13:00:00,33.4484,-112.074,13.22,Phoenix,Female,64,70495.94,8,576.98,Medium
2024-01-16 14:00:00,34.0522,-118.2437,20.88,Los Angeles,Female,19,82967.89,0,0.0,Medium
2024-01-16 15:00:00,41.8781,-87.6298,15.14,Chicago,Female,19,88351.3,8,193.38,Low
2024-01-16 16:00:00,29.7604,-95.3698,23.56,Houston,Male,47,59475.53,1,33.07,Low
2024-01-16 17:00:00,29.7604,-95.3698,5.73,Houston,Male,39,89866.05,7,637.1,Low
2024-01-16 18:00:00,41.8781,-87.6298,0.59,Chicago,Female,51,92318.7,0,0.0,High
2024-01-16 19:00:00,29.7604,-95.3698,19.39,Houston,Male,64,35962.41,5,109.08,High
2024-01-16 20:00:00,29.7604,-95.3698,2.71,Houston,Male,56,39587.68,8,300.69,Medium
2024-01-16 21:00:00,29.7604,-95.3698,29.98,Houston,Male,24,47669.83,0,0.0,High
2024-01-16 22:00:00,40.7128,-74.006,12.39,New York,Male,56,39750.22,5,83.72,Medium
2024-01-16 23:00:00,41.8781,-87.6298,7.96,Chicago,Female,31,21822.94,9,487.1,Medium
2024-01-17 00:00:00,34.0522,-118.2437,11.81,Los Angeles,Female,27,52711.28,3,172.04,Medium
2024-01-17 01:00:00,33.4484,-112.074,18.72,Phoenix,Female,46,33239.37,8,243.34,Low
2024-01-17 02:00:00,29.7604,-95.3698,6.52,Houston,Female,19,89917.68,6,203.14,Low
2024-01-17 03:00:00,29.7604,-95.3698,0.97,Houston,Male,65,84117.78,4,254.92,Medium
2024-01-17 04:00:00,41.8781,-87.6298,0.03,Chicago,Male,70,70320.9,7,381.42,High
2024-01-17 05:00:00,41.8781,-87.6298,24.57,Chicago,Female,48,36462.42,9,213.66,High
2024-01-17 06:00:00,40.7128,-74.006,8.5,New York,Female,38,21567.12,5,66.77,High
2024-01-17 07:00:00,33.4484,-112.074,2.51,Phoenix,Male,49,59484.75,0,0.0,High
2024-01-17 08:00:00,40.7128,-74.006,12.93,New York,Male,68,96931.68,7,388.03,Medium
2024-01-17 09:00:00,40.7128,-74.006,12.96,New York,Male,67,39280.25,10,169.62,Low
2024-01-17 10:00:00,40.7128,-74.006,4.57,New York,Male,62,27023.88,1,64.67,Low
2024-01-17 11:00:00,34.0522,-118.2437,1.99,Los Angeles,Male,34,33668.26,5,252.02,High
2024-01-17 12:00:00,41.8781,-87.6298,16.25,Chicago,Female,19,22115.17,9,352.68,High
2024-01-17 13:00:00,33.4484,-112.074,25.51,Phoenix,Female,54,94922.99,3,114.44,High
2024-01-17 14:00:00,41.8781,-87.6298,23.07,Chicago,Female,42,79652.33,8,614.2,Low
2024-01-17 15:00:00,41.8781,-87.6298,28.15,Chicago,Female,34,37877.13,7,190.45,Low
2024-01-17 16:00:00,34.0522,-118.2437,4.72,Los Angeles,Male,44,21227.66,6,517.23,Low
2024-01-17 17:00:00,29.7604,-95.3698,0.81,Houston,Female,33,83512.51,9,787.52,High
2024-01-17 18:00:00,41.8781,-87.6298,18.22,Chicago,Female,37,28415.01,8,704.89,Low
2024-01-17 19:00:00,34.0522,-118.2437,28.57,Los Angeles,Female,36,65322.37,0,0.0,Medium
2024-01-17 20:00:00,34.0522,-118.2437,23.7,Los Angeles,Female,68,64620.89,4,148.32,Medium
2024-01-17 21:00:00,41.8781,-87.6298,5.32,Chicago,Female,19,71021.26,5,117.49,High
2024-01-17 22:00:00,40.7128,-74.006,5.18,New York,Male,32,45540.3,10,349.58,High
2024-01-17 23:00:00,29.7604,-95.3698,22.78,Houston,Female,43,40347.7,5,170.99,Medium
2024-01-18 00:00:00,40.7128,-74.006,21.55,New York,Male,21,22548.85,10,885.67,High
2024-01-18 01:00:00,29.7604,-95.3698,18.94,Houston,Female,59,70654.89,5,54.46,Low
2024-01-18 02:00:00,40.7128,-74.006,28.5,New York,Female,61,82398.58,0,0.0,Medium
2024-01-18 03:00:00,33.4484,-112.074,12.71,Phoenix,Male,68,83610.5,2,41.42,High
2024-01-18 04:00:00,29.7604,-95.3698,2.55,Houston,Female,19,68497.12,1,19.21,High
2024-01-18 05:00:00,34.0522,-118.2437,23.71,Los Angeles,Female,51,23230.98,0,0.0,Medium
2024-01-18 06:00:00,41.8781,-87.6298,25.28,Chicago,Female,34,36453.22,7,674.51,Low
2024-01-18 07:00:00,34.0522,-118.2437,5.8,Los Angeles,Male,23,89347.31,1,39.66,High
2024-01-18 08:00:00,34.0522,-118.2437,1.39,Los Angeles,Male,21,44744.33,6,70.31,Low
2024-01-18 09:00:00,33.4484,-112.074,13.87,Phoenix,Male,40,90633.77,10,159.88,Medium
2024-01-18 10:00:00,29.7604,-95.3698,13.69,Houston,Female,20,41797.72,2,58.65,Medium
2024-01-18 11:00:00,34.0522,-118.2437,5.21,Los Angeles,Male,58,70654.12,8,256.31,Low
2024-01-18 12:00:00,41.8781,-87.6298,29.75,Chicago,Female,68,35280.9,1,20.76,Low
2024-01-18 13:00:00,34.0522,-118.2437,17.53,Los Angeles,Female,23,48243.87,0,0.0,Medium
2024-01-18 14:00:00,29.7604,-95.3698,29.99,Houston,Female,24,30807.18,4,298.09,Low
2024-01-18 15:00:00,29.7604,-95.3698,21.57,Houston,Male,48,68775.31,1,70.12,High
2024-01-18 16:00:00,41.8781,-87.6298,29.36,Chicago,Male,48,49307.54,8,162.16,Medium
2024-01-18 17:00:00,33.4484,-112.074,18.4,Phoenix,Male,25,22156.11,6,581.45,Medium
2024-01-18 18:00:00,33.4484,-112.074,28.64,Phoenix,Female,28,86040.94,6,151.56,Medium
2024-01-18 19:00:00,41.8781,-87.6298,2.78,Chicago,Male,49,37147.71,5,427.37,High
2024-01-18 20:00:00,29.7604,-95.3698,13.35,Houston,Female,41,58464.65,4,45.78,Medium
2024-01-18 21:00:00,33.4484,-112.074,3.54,Phoenix,Male,63,71977.23,3,95.88,Low
2024-01-18 22:00:00,34.0522,-118.2437,27.1,Los Angeles,Female,52,78400.28,9,749.08,High
2024-01-18 23:00:00,41.8781,-87.6298,4.03,Chicago,Female,53,33533.73,2,24.05,Medium
2024-01-19 00:00:00,34.0522,-118.2437,6.12,Los Angeles,Male,24,68187.32,3,110.15,Low
2024-01-19 01:00:00,34.0522,-118.2437,8.62,Los Angeles,Male,53,54646.97,7,592.27,Low
2024-01-19 02:00:00,29.7604,-95.3698,25.5,Houston,Female,68,88567.59,5,376.1,Low
2024-01-19 03:00:00,34.0522,-118.2437,0.95,Los Angeles,Female,64,87944.03,5,284.06,Low
2024-01-19 04:00:00,34.0522,-118.2437,25.36,Los Angeles,Male,47,68485.58,5,193.23,Low
2024-01-19 05:00:00,40.7128,-74.006,8.17,New York,Female,66,26769.48,8,321.5,High
2024-01-19 06:00:00,41.8781,-87.6298,5.33,Chicago,Male,25,58368.16,7,487.7,Medium
2024-01-19 07:00:00,41.8781,-87.6298,18.57,Chicago,Male,47,70585.16,1,19.04,Low
2024-01-19 08:00:00,33.4484,-112.074,17.85,Phoenix,Male,60,59958.54,2,150.56,Medium
2024-01-19 09:00:00,41.8781,-87.6298,4.62,Chicago,Male,38,25392.79,6,445.67,Low
2024-01-19 10:00:00,33.4484,-112.074,29.32,Phoenix,Male,51,74598.98,8,407.05,High
2024-01-19 11:00:00,29.7604,-95.3698,20.4,Houston,Female,58,72455.14,1,92.4,Low
2024-01-19 12:00:00,33.4484,-112.074,23.42,Phoenix,Male,33,92980.29,4,121.72,Low
2024-01-19 13:00:00,41.8781,-87.6298,10.83,Chicago,Female,63,91581.85,6,449.18,Medium
2024-01-19 14:00:00,29.7604,-95.3698,9.82,Houston,Male,20,52253.03,6,347.04,High
2024-01-19 15:00:00,34.0522,-118.2437,21.05,Los Angeles,Female,69,39000.74,9,603.8,High
2024-01-19 16:00:00,40.7128,-74.006,10.23,New York,Male,70,47431.33,7,420.28,Medium
2024-01-19 17:00:00,34.0522,-118.2437,17.03,Los Angeles,Female,66,58994.5,9,341.68,High
2024-01-19 18:00:00,33.4484,-112.074,17.35,Phoenix,Female,65,50983.24,1,81.93,Medium
2024-01-19 19:00:00,33.4484,-112.074,15.16,Phoenix,Female,45,30913.0,1,72.26,High
2024-01-19 20:00:00,41.8781,-87.6298,7.71,Chicago,Female,68,54482.82,10,847.61,High
2024-01-19 21:00:00,34.0522,-118.2437,29.68,Los Angeles,Female,38,44538.75,3,56.01,High
2024-01-19 22:00:00,33.4484,-112.074,24.21,Phoenix,Female,57,25303.41,0,0.0,Low
2024-01-19 23:00:00,40.7128,-74.006,18.13,New York,Male,46,30236.06,4,221.31,Low
2024-01-20 00:00:00,33.4484,-112.074,26.37,Phoenix,Female,42,43594.75,6,419.07,High
2024-01-20 01:00:00,40.7128,-74.006,8.07,New York,Female,67,56841.67,7,257.86,Low
2024-01-20 02:00:00,33.4484,-112.074,2.58,Phoenix,Female,39,53957.15,4,271.77,High
2024-01-20 03:00:00,29.7604,-95.3698,7.44,Houston,Male,56,59346.17,2,91.84,High
2024-01-20 04:00:00,41.8781,-87.6298,22.34,Chicago,Female,63,46255.79,2,103.93,Low
2024-01-20 05:00:00,40.7128,-74.006,7.06,New York,Female,51,45412.96,3,73.17,Medium
2024-01-20 06:00:00,41.8781,-87.6298,28.07,Chicago,Female,33,42723.77,3,68.0,Low
2024-01-20 07:00:00,40.7128,-74.006,7.73,New York,Male,33,42702.1,0,0.0,Medium
2024-01-20 08:00:00,34.0522,-118.2437,14.97,Los Angeles,Female,57,22776.86,0,0.0,Low
2024-01-20 09:00:00,29.7604,-95.3698,17.6,Houston,Female,60,87104.43,2,106.22,Medium
2024-01-20 10:00:00,34.0522,-118.2437,28.8,Los Angeles,Male,20,89327.51,3,152.99,High
2024-01-20 11:00:00,29.7604,-95.3698,27.06,Houston,Female,30,81372.96,10,804.21,High
2024-01-20 12:00:00,34.0522,-118.2437,19.25,Los Angeles,Male,55,96875.35,5,289.49,Medium
2024-01-20 13:00:00,34.0522,-118.2437,16.64,Los Angeles,Male,65,29775.41,6,332.61,High
2024-01-20 14:00:00,40.7128,-74.006,8.89,New York,Female,22,75497.79,3,153.98,Medium
2024-01-20 15:00:00,40.7128,-74.006,18.62,New York,Female,24,89459.98,9,351.09,Medium
2024-01-20 16:00:00,33.4484,-112.074,25.13,Phoenix,Female,39,69133.72,0,0.0,Medium
2024-01-20 17:00:00,33.4484,-112.074,26.22,Phoenix,Female,49,76337.81,5,79.82,Medium
2024-01-20 18:00:00,33.4484,-112.074,19.89,Phoenix,Male,51,64985.3,5,486.56,High
2024-01-20 19:00:00,41.8781,-87.6298,13.31,Chicago,Male,49,36657.69,1,10.61,High
2024-01-20 20:00:00,41.8781,-87.6298,7.76,Chicago,Male,32,35821.44,4,120.73,Medium
2024-01-20 21:00:00,29.7604,-95.3698,15.09,Houston,Female,42,29545.12,4,149.23,Medium
2024-01-20 22:00:00,34.0522,-118.2437,25.74,Los Angeles,Male,22,46739.11,7,360.2,Low
2024-01-20 23:00:00,33.4484,-112.074,21.25,Phoenix,Female,27,90652.84,0,0.0,High
2024-01-21 00:00:00,34.0522,-118.2437,29.72,Los Angeles,Male,35,40583.3,5,343.14,High
2024-01-21 01:00:00,40.7128,-74.006,19.79,New York,Female,48,21396.68,9,868.27,Low
2024-01-21 02:00:00,33.4484,-112.074,2.07,Phoenix,Female,46,48516.07,2,130.46,High
2024-01-21 03:00:00,40.7128,-74.006,18.43,New York,Male,67,20669.95,4,89.38,Low
2024-01-21 04:00:00,29.7604,-95.3698,29.47,Houston,Female,42,55196.51,8,549.74,Low
2024-01-21 05:00:00,41.8781,-87.6298,25.17,Chicago,Female,62,95497.76,2,121.31,Low
2024-01-21 06:00:00,34.0522,-118.2437,10.34,Los Angeles,Male,40,82725.01,0,0.0,Medium
2024-01-21 07:00:00,33.4484,-112.074,27.74,Phoenix,Male,58,23365.85,1,16.19,Medium
2024-01-21 08:00:00,29.7604,-95.3698,3.26,Houston,Male,51,48926.5,7,699.53,High
2024-01-21 09:00:00,29.7604,-95.3698,4.64,Houston,Male,48,90780.2,3,245.06,High
2024-01-21 10:00:00,33.4484,-112.074,29.37,Phoenix,Male,20,58576.65,0,0.0,Medium
2024-01-21 11:00:00,41.8781,-87.6298,21.12,Chicago,Male,26,88224.01,8,558.91,Low
2024-01-21 12:00:00,40.7128,-74.006,29.64,New York,Female,44,89094.59,7,459.74,Low
2024-01-21 13:00:00,29.7604,-95.3698,0.08,Houston,Female,63,75848.14,8,357.82,Low
2024-01-21 14:00:00,34.0522,-118.2437,20.37,Los Angeles,Female,26,83680.16,4,319.78,Medium
2024-01-21 15:00:00,34.0522,-118.2437,26.43,Los Angeles,Male,26,57729.61,10,773.38,Low
2024-01-21 16:00:00,29.7604,-95.3698,20.3,Houston,Male,23,61899.49,4,334.76,Medium
2024-01-21 17:00:00,34.0522,-118.2437,8.94,Los Angeles,Male,42,56516.65,5,218.03,Low
2024-01-21 18:00:00,34.0522,-118.2437,28.31,Los Angeles,Female,26,21575.72,1,12.52,Low
2024-01-21 19:00:00,40.7128,-74.006,14.33,New York,Female,18,24023.92,8,750.77,High
2024-01-21 20:00:00,29.7604,-95.3698,16.41,Houston,Female,28,82081.5,5,100.91,High
2024-01-21 21:00:00,34.0522,-118.2437,10.34,Los Angeles,Male,35,49988.11,6,285.23,Low
2024-01-21 22:00:00,34.0522,-118.2437,12.24,Los Angeles,Male,49,83154.75,10,467.02,Medium
2024-01-21 23:00:00,34.0522,-118.2437,12.21,Los Angeles,Male,26,77071.07,2,31.56,Low
2024-01-22 00:00:00,34.0522,-118.2437,17.46,Los Angeles,Male,38,56345.23,2,35.32,Medium
2024-01-22 01:00:00,34.0522,-118.2437,23.84,Los Angeles,Female,53,93360.92,5,55.7,Medium
2024-01-22 02:00:00,40.7128,-74.006,11.31,New York,Male,48,97523.56,2,50.84,High
2024-01-22 03:00:00,40.7128,-74.006,12.19,New York,Male,58,26834.97,4,54.52,High
2024-01-22 04:00:00,33.4484,-112.074,11.55,Phoenix,Female,45,81593.41,7,588.4,High
2024-01-22 05:00:00,34.0522,-118.2437,3.61,Los Angeles,Female,47,23999.19,5,117.54,High
2024-01-22 06:00:00,34.0522,-118.2437,17.03,Los Angeles,Female,50,74378.36,9,154.41,Low
2024-01-22 07:00:00,41.8781,-87.6298,17.99,Chicago,Male,34,66667.16,4,228.02,High
2024-01-22 08:00:00,41.8781,-87.6298,22.24,Chicago,Female,59,36040.14,0,0.0,Medium
2024-01-22 09:00:00,29.7604,-95.3698,25.12,Houston,Male,69,64777.82,5,310.49,Medium
2024-01-22 10:00:00,40.7128,-74.006,12.08,New York,Male,22,99551.86,9,330.32,Medium
2024-01-22 11:00:00,41.8781,-87.6298,22.6,Chicago,Male,64,86883.06,9,512.08,High
2024-01-22 12:00:00,40.7128,-74.006,25.49,New York,Female,18,89236.87,7,432.18,Medium
2024-01-22 13:00:00,29.7604,-95.3698,24.12,Houston,Female,55,99390.35,8,466.77,Medium
2024-01-22 14:00:00,34.0522,-118.2437,2.54,Los Angeles,Female,56,42360.24,2,181.18,Low
2024-01-22 15:00:00,40.7128,-74.006,24.36,New York,Male,24,55203.67,2,154.16,High
2024-01-22 16:00:00,33.4484,-112.074,29.57,Phoenix,Female,44,50564.89,0,0.0,Medium
2024-01-22 17:00:00,41.8781,-87.6298,18.39,Chicago,Female,37,90551.76,4,93.7,Medium
2024-01-22 18:00:00,33.4484,-112.074,19.16,Phoenix,Male,56,33850.85,3,257.24,Medium
2024-01-22 19:00:00,40.7128,-74.006,19.66,New York,Female,70,63679.45,10,629.88,Low
2024-01-22 20:00:00,33.4484,-112.074,22.52,Phoenix,Female,62,81442.53,10,526.68,High
2024-01-22 21:00:00,41.8781,-87.6298,21.07,Chicago,Female,40,93599.85,6,427.44,High
2024-01-22 22:00:00,41.8781,-87.6298,11.68,Chicago,Female,18,26850.53,9,91.06,High
2024-01-22 23:00:00,41.8781,-87.6298,25.8,Chicago,Female,51,89585.88,6,338.42,Low
2024-01-23 00:00:00,41.8781,-87.6298,4.6,Chicago,Female,42,93259.02,0,0.0,High
2024-01-23 01:00:00,29.7604,-95.3698,20.43,Houston,Male,54,68114.52,2,147.16,Medium
2024-01-23 02:00:00,41.8781,-87.6298,10.53,Chicago,Male,49,90729.5,5,337.97,Low
2024-01-23 03:00:00,33.4484,-112.074,12.39,Phoenix,Male,42,75148.22,2,157.62,High
2024-01-23 04:00:00,34.0522,-118.2437,2.45,Los Angeles,Male,22,54834.95,6,199.24,Low
2024-01-23 05:00:00,40.7128,-74.006,15.55,New York,Female,27,67215.88,7,304.12,Medium
2024-01-23 06:00:00,33.4484,-112.074,7.67,Phoenix,Female,52,53109.92,8,264.86,High
2024-01-23 07:00:00,40.7128,-74.006,23.87,New York,Female,66,24896.52,10,968.59,High
2024-01-23 08:00:00,33.4484,-112.074,15.48,Phoenix,Male,62,34391.7,8,382.39,Low
2024-01-23 09:00:00,40.7128,-74.006,19.61,New York,Female,69,99683.08,4,392.73,Low
2024-01-23 10:00:00,29.7604,-95.3698,9.04,Houston,Male,20,23999.09,6,126.39,High
2024-01-23 11:00:00,41.8781,-87.6298,20.42,Chicago,Female,35,22284.32,4,170.71,Medium
2024-01-23 12:00:00,33.4484,-112.074,11.29,Phoenix,Female,55,83760.4,7,287.14,Medium
2024-01-23 13:00:00,33.4484,-112.074,13.2,Phoenix,Female,49,85321.3,7,464.94,Medium
2024-01-23 14:00:00,34.0522,-118.2437,16.41,Los Angeles,Female,27,61542.23,2,84.85,High
2024-01-23 15:00:00,34.0522,-118.2437,3.78,Los Angeles,Male,43,67534.08,7,617.73,Medium
2024-01-23 16:00:00,41.8781,-87.6298,1.77,Chicago,Male,20,86818.21,5,259.9,Medium
2024-01-23 17:00:00,41.8781,-87.6298,20.79,Chicago,Male,26,46744.24,7,464.36,Low
2024-01-23 18:00:00,40.7128,-74.006,22.66,New York,Male,68,53393.97,4,245.73,Medium
2024-01-23 19:00:00,41.8781,-87.6298,27.24,Chicago,Male,47,71823.59,5,121.83,Low
2024-01-23 20:00:00,33.4484,-112.074,12.25,Phoenix,Female,23,64911.78,4,149.62,Medium
2024-01-23 21:00:00,29.7604,-95.3698,26.14,Houston,Female,24,52224.09,4,259.86,Medium
2024-01-23 22:00:00,29.7604,-95.3698,9.03,Houston,Male,46,53110.94,0,0.0,High
2024-01-23 23:00:00,41.8781,-87.6298,17.5,Chicago,Female,47,22170.85,0,0.0,High
2024-01-24 00:00:00,33.4484,-112.074,4.33,Phoenix,Male,36,30061.25,10,744.19,Low
2024-01-24 01:00:00,33.4484,-112.074,26.43,Phoenix,Male,54,69125.77,9,354.24,High
2024-01-24 02:00:00,41.8781,-87.6298,22.09,Chicago,Female,42,25098.5,4,41.01,High
2024-01-24 03:00:00,40.7128,-74.006,21.43,New York,Female,70,68119.25,4,358.76,Low
2024-01-24 04:00:00,41.8781,-87.6298,28.82,Chicago,Male,27,71990.47,0,0.0,Low
2024-01-24 05:00:00,29.7604,-95.3698,6.91,Houston,Female,69,97364.82,4,144.6,Medium
2024-01-24 06:00:00,41.8781,-87.6298,14.41,Chicago,Female,19,91384.87,7,469.07,Low
2024-01-24 07:00:00,29.7604,-95.3698,29.67,Houston,Female,56,39135.25,5,433.69,Low
2024-01-24 08:00:00,40.7128,-74.006,18.66,New York,Male,45,51269.09,4,181.87,Medium
2024-01-24 09:00:00,41.8781,-87.6298,10.63,Chicago,Female,35,88156.65,0,0.0,Medium
2024-01-24 10:00:00,34.0522,-118.2437,13.48,Los Angeles,Male,34,58474.48,2,198.66,Medium
2024-01-24 11:00:00,33.4484,-112.074,14.31,Phoenix,Female,26,58772.6,2,105.29,Medium
2024-01-24 12:00:00,34.0522,-118.2437,18.26,Los Angeles,Female,28,44551.13,10,569.69,Medium
2024-01-24 13:00:00,29.7604,-95.3698,17.76,Houston,Male,46,69611.79,0,0.0,Low
2024-01-24 14:00:00,34.0522,-118.2437,27.18,Los Angeles,Male,55,42493.2,2,42.99,Low
2024-01-24 15:00:00,34.0522,-118.2437,9.6,Los Angeles,Female,41,45400.02,8,194.33,Low
2024-01-24 16:00:00,33.4484,-112.074,7.78,Phoenix,Male,62,37004.71,2,129.23,High
2024-01-24 17:00:00,33.4484,-112.074,3.66,Phoenix,Female,52,76153.81,1,81.94,Low
2024-01-24 18:00:00,33.4484,-112.074,9.59,Phoenix,Female,32,29108.65,2,155.3,Medium
2024-01-24 19:00:00,41.8781,-87.6298,21.02,Chicago,Female,58,95659.45,4,73.98,High
2024-01-24 20:00:00,41.8781,-87.6298,3.64,Chicago,Female,18,83666.01,3,202.7,Medium
2024-01-24 21:00:00,41.8781,-87.6298,18.98,Chicago,Male,22,61797.88,4,312.49,Low
2024-01-24 22:00:00,34.0522,-118.2437,15.65,Los Angeles,Female,18,24516.05,7,408.82,Medium
2024-01-24 23:00:00,34.0522,-118.2437,2.3,Los Angeles,Female,66,41586.04,9,853.63,High
2024-01-25 00:00:00,40.7128,-74.006,21.9,New York,Female,49,45309.62,1,44.13,Medium
2024-01-25 01:00:00,34.0522,-118.2437,15.3,Los Angeles,Male,24,42802.38,2,104.67,Medium
2024-01-25 02:00:00,34.0522,-118.2437,6.65,Los Angeles,Female,23,91929.98,8,90.91,Low
2024-01-25 03:00:00,40.7128,-74.006,8.23,New York,Male,38,44129.4,2,36.05,Medium
2024-01-25 04:00:00,40.7128,-74.006,22.02,New York,Female,55,74572.42,4,178.55,Low
2024-01-25 05:00:00,34.0522,-118.2437,22.63,Los Angeles,Female,36,20416.7,3,137.76,High
2024-01-25 06:00:00,40.7128,-74.006,13.21,New York,Male,27,74034.17,0,0.0,Medium
2024-01-25 07:00:00,29.7604,-95.3698,13.15,Houston,Female,23,79579.61,1,28.34,Medium
2024-01-25 08:00:00,41.8781,-87.6298,25.92,Chicago,Female,26,91576.22,0,0.0,High
2024-01-25 09:00:00,33.4484,-112.074,24.31,Phoenix,Male,29,90965.66,6,382.87,Low
2024-01-25 10:00:00,41.8781,-87.6298,9.9,Chicago,Female,51,63712.37,5,295.14,High
2024-01-25 11:00:00,29.7604,-95.3698,16.68,Houston,Male,18,76859.07,10,667.11,Low
2024-01-25 12:00:00,34.0522,-118.2437,2.46,Los Angeles,Male,28,36359.03,9,776.55,Medium
2024-01-25 13:00:00,34.0522,-118.2437,5.47,Los Angeles,Female,18,57161.63,9,540.08,Medium
2024-01-25 14:00:00,41.8781,-87.6298,29.87,Chicago,Female,66,91277.56,9,431.66,Low
2024-01-25 15:00:00,40.7128,-74.006,20.57,New York,Male,65,51806.25,2,116.17,Low
2024-01-25 16:00:00,40.7128,-74.006,9.91,New York,Male,51,46622.35,8,314.8,Medium
2024-01-25 17:00:00,41.8781,-87.6298,2.39,Chicago,Female,55,38601.22,1,56.08,Medium
2024-01-25 18:00:00,29.7604,-95.3698,9.69,Houston,Male,45,73242.95,10,859.03,Low
2024-01-25 19:00:00,41.8781,-87.6298,13.93,Chicago,Male,64,60681.99,6,278.66,Low
2024-01-25 20:00:00,34.0522,-118.2437,11.26,Los Angeles,Female,21,34906.35,3,189.31,High
2024-01-25 21:00:00,41.8781,-87.6298,16.73,Chicago,Female,57,33097.69,8,252.78,Low
2024-01-25 22:00:00,41.8781,-87.6298,12.33,Chicago,Male,48,68769.02,4,68.1,Low
2024-01-25 23:00:00,40.7128,-74.006,8.1,New York,Male,28,75014.34,5,240.58,Medium
2024-01-26 00:00:00,29.7604,-95.3698,8.03,Houston,Male,37,58387.56,1,89.06,Low
2024-01-26 01:00:00,40.7128,-74.006,1.83,New York,Male,28,57146.48,0,0.0,Low
2024-01-26 02:00:00,33.4484,-112.074,25.04,Phoenix,Male,70,20481.01,8,461.87,Medium
2024-01-26 03:00:00,33.4484,-112.074,9.8,Phoenix,Male,19,63683.36,0,0.0,High
2024-01-26 04:00:00,34.0522,-118.2437,19.95,Los Angeles,Male,65,97073.71,2,40.67,Medium
2024-01-26 05:00:00,40.7128,-74.006,16.17,New York,Female,29,24397.3,9,724.57,High
2024-01-26 06:00:00,40.7128,-74.006,23.77,New York,Male,32,82638.82,2,36.94,Low
2024-01-26 07:00:00,34.0522,-118.2437,9.66,Los Angeles,Male,22,48270.79,9,98.52,Low
2024-01-26 08:00:00,33.4484,-112.074,7.91,Phoenix,Female,18,67464.2,4,215.8,Medium
2024-01-26 09:00:00,33.4484,-112.074,15.64,Phoenix,Male,48,73567.34,0,0.0,Low
2024-01-26 10:00:00,34.0522,-118.2437,11.11,Los Angeles,Female,41,39899.86,8,132.3,Low
2024-01-26 11:00:00,34.0522,-118.2437,27.47,Los Angeles,Male,41,24171.09,4,262.25,High
2024-01-26 12:00:00,41.8781,-87.6298,26.1,Chicago,Female,60,58974.7,6,244.35,Low
2024-01-26 13:00:00,41.8781,-87.6298,25.76,Chicago,Male,20,54039.55,3,171.22,Medium
2024-01-26 14:00:00,29.7604,-95.3698,10.81,Houston,Female,18,25192.39,7,236.18,Low
2024-01-26 15:00:00,33.4484,-112.074,17.05,Phoenix,Male,24,24047.43,9,411.94,High
2024-01-26 16:00:00,33.4484,-112.074,20.6,Phoenix,Female,25,96315.44,0,0.0,Medium
2024-01-26 17:00:00,33.4484,-112.074,23.31,Phoenix,Female,41,35973.66,10,686.17,Low
2024-01-26 18:00:00,29.7604,-95.3698,10.5,Houston,Male,26,37519.83,6,227.55,High
2024-01-26 19:00:00,34.0522,-118.2437,25.59,Los Angeles,Male,23,51979.43,0,0.0,Medium
2024-01-26 20:00:00,40.7128,-74.006,8.69,New York,Female,37,21151.97,6,133.48,Low
2024-01-26 21:00:00,41.8781,-87.6298,19.2,Chicago,Male,65,45747.28,4,272.24,High
2024-01-26 22:00:00,40.7128,-74.006,15.82,New York,Male,63,79541.02,10,298.55,Medium
2024-01-26 23:00:00,40.7128,-74.006,10.68,New York,Female,51,83833.35,6,224.39,High
2024-01-27 00:00:00,41.8781,-87.6298,24.74,Chicago,Female,19,25247.45,2,58.77,High
2024-01-27 01:00:00,41.8781,-87.6298,23.77,Chicago,Male,68,68708.92,8,194.96,High
2024-01-27 02:00:00,41.8781,-87.6298,15.83,Chicago,Male,50,98342.33,6,455.91,Low
2024-01-27 03:00:00,41.8781,-87.6298,27.03,Chicago,Male,57,91034.74,4,104.96,Medium
2024-01-27 04:00:00,33.4484,-112.074,18.8,Phoenix,Female,65,79857.32,8,528.55,Medium
2024-01-27 05:00:00,34.0522,-118.2437,14.56,Los Angeles,Female,45,31105.12,10,146.45,Low
2024-01-27 06:00:00,33.4484,-112.074,28.96,Phoenix,Male,62,67830.76,4,253.95,Low
2024-01-27 07:00:00,29.7604,-95.3698,5.23,Houston,Male,60,86094.49,9,527.98,High
2024-01-27 08:00:00,29.7604,-95.3698,27.8,Houston,Male,35,42862.68,4,64.7,Medium
2024-01-27 09:00:00,34.0522,-118.2437,20.38,Los Angeles,Male,70,37553.85,9,879.28,Medium
2024-01-27 10:00:00,40.7128,-74.006,25.88,New York,Female,49,90242.46,9,373.43,Medium
2024-01-27 11:00:00,40.7128,-74.006,0.56,New York,Female,32,39329.18,6,388.65,High
2024-01-27 12:00:00,34.0522,-118.2437,8.06,Los Angeles,Female,59,41790.73,8,415.23,Medium
2024-01-27 13:00:00,34.0522,-118.2437,0.61,Los Angeles,Female,64,27848.55,9,477.13,Medium
2024-01-27 14:00:00,33.4484,-112.074,25.03,Phoenix,Female,26,82339.32,10,244.41,Medium
2024-01-27 15:00:00,33.4484,-112.074,25.21,Phoenix,Male,42,55555.6,7,389.62,Low
2024-01-27 16:00:00,41.8781,-87.6298,11.13,Chicago,Female,41,35682.18,10,883.7,Medium
2024-01-27 17:00:00,40.7128,-74.006,12.57,New York,Male,56,38360.6,6,232.43,High
2024-01-27 18:00:00,33.4484,-112.074,12.31,Phoenix,Male,63,40619.54,10,926.3,Low
2024-01-27 19:00:00,33.4484,-112.074,3.9,Phoenix,Male,19,20116.92,10,107.86,Low
2024-01-27 20:00:00,29.7604,-95.3698,22.82,Houston,Male,68,67882.63,9,806.59,Medium
2024-01-27 21:00:00,34.0522,-118.2437,6.47,Los Angeles,Male,60,63416.06,4,82.77,High
2024-01-27 22:00:00,40.7128,-74.006,0.85,New York,Male,19,20627.82,9,429.67,Medium
2024-01-27 23:00:00,34.0522,-118.2437,9.32,Los Angeles,Male,67,97244.59,3,176.29,Medium
2024-01-28 00:00:00,41.8781,-87.6298,28.67,Chicago,Male,47,47959.58,4,343.68,Medium
2024-01-28 01:00:00,40.7128,-74.006,11.23,New York,Female,49,57494.24,9,366.45,Low
2024-01-28 02:00:00,29.7604,-95.3698,9.25,Houston,Male,34,79044.48,0,0.0,Low
2024-01-28 03:00:00,41.8781,-87.6298,20.31,Chicago,Male,69,75467.56,9,303.25,Low
2024-01-28 04:00:00,40.7128,-74.006,26.77,New York,Female,50,70525.6,9,873.28,Medium
2024-01-28 05:00:00,40.7128,-74.006,13.03,New York,Female,35,50478.89,7,363.36,Medium
2024-01-28 06:00:00,40.7128,-74.006,22.34,New York,Female,40,45386.92,1,88.66,Medium
2024-01-28 07:00:00,34.0522,-118.2437,24.66,Los Angeles,Female,44,33918.52,4,54.08,High
2024-01-28 08:00:00,33.4484,-112.074,2.82,Phoenix,Male,23,94996.72,0,0.0,Low
2024-01-28 09:00:00,29.7604,-95.3698,8.49,Houston,Female,64,63253.44,5,492.01,Low
2024-01-28 10:00:00,41.8781,-87.6298,26.47,Chicago,Male,61,97476.23,9,622.85,Medium
2024-01-28 11:00:00,33.4484,-112.074,8.86,Phoenix,Male,64,77247.03,1,31.94,Medium
2024-01-28 12:00:00,29.7604,-95.3698,19.74,Houston,Female,46,67978.04,5,285.58,Medium
2024-01-28 13:00:00,41.8781,-87.6298,11.17,Chicago,Female,27,27328.72,0,0.0,High
2024-01-28 14:00:00,34.0522,-118.2437,14.14,Los Angeles,Female,49,61708.99,9,462.18,Low
2024-01-28 15:00:00,29.7604,-95.3698,14.8,Houston,Female,51,86098.35,7,394.65,High
2024-01-28 16:00:00,29.7604,-95.3698,29.45,Houston,Male,51,45521.23,1,85.29,High
2024-01-28 17:00:00,34.0522,-118.2437,21.51,Los Angeles,Male,69,98090.62,1,66.17,High
2024-01-28 18:00:00,41.8781,-87.6298,10.79,Chicago,Male,36,87021.58,5,88.75,Medium
2024-01-28 19:00:00,40.7128,-74.006,16.95,New York,Male,45,99184.9,9,486.2,High
2024-01-28 20:00:00,33.4484,-112.074,24.66,Phoenix,Male,55,37863.54,9,428.9,Medium
2024-01-28 21:00:00,41.8781,-87.6298,9.88,Chicago,Male,23,70276.31,7,115.76,Low
2024-01-28 22:00:00,41.8781,-87.6298,12.15,Chicago,Female,43,56687.6,0,0.0,High
2024-01-28 23:00:00,33.4484,-112.074,20.42,Phoenix,Female,47,89871.64,4,193.99,Medium
2024-01-29 00:00:00,34.0522,-118.2437,13.94,Los Angeles,Male,21,22141.59,10,597.05,Medium
2024-01-29 01:00:00,34.0522,-118.2437,3.39,Los Angeles,Male,26,31111.2,8,246.1,High
2024-01-29 02:00:00,41.8781,-87.6298,23.4,Chicago,Female,22,47323.19,6,304.1,High
2024-01-29 03:00:00,29.7604,-95.3698,8.8,Houston,Male,65,66715.04,7,88.29,Medium
2024-01-29 04:00:00,29.7604,-95.3698,0.01,Houston,Male,57,53440.91,7,467.8,High
2024-01-29 05:00:00,33.4484,-112.074,4.7,Phoenix,Female,45,72617.78,2,172.1,High
2024-01-29 06:00:00,33.4484,-112.074,7.39,Phoenix,Male,64,47613.52,6,447.86,High
2024-01-29 07:00:00,40.7128,-74.006,8.98,New York,Male,66,29608.85,8,362.29,High
2024-01-29 08:00:00,34.0522,-118.2437,20.58,Los Angeles,Male,62,32444.15,9,516.48,High
2024-01-29 09:00:00,40.7128,-74.006,7.23,New York,Male,53,78022.33,4,210.74,Medium
2024-01-29 10:00:00,29.7604,-95.3698,27.64,Houston,Female,35,49821.94,8,713.56,Low
2024-01-29 11:00:00,33.4484,-112.074,23.3,Phoenix,Male,19,52600.9,0,0.0,High
2024-01-29 12:00:00,29.7604,-95.3698,14.61,Houston,Male,39,37058.42,2,161.14,Medium
2024-01-29 13:00:00,34.0522,-118.2437,1.17,Los Angeles,Female,52,44581.55,6,148.05,Medium
2024-01-29 14:00:00,40.7128,-74.006,19.01,New York,Female,47,36491.21,8,555.04,Medium
2024-01-29 15:00:00,33.4484,-112.074,7.39,Phoenix,Male,62,55122.74,1,30.59,High
2024-01-29 16:00:00,34.0522,-118.2437,3.04,Los Angeles,Female,64,90451.13,5,267.44,Medium
2024-01-29 17:00:00,33.4484,-112.074,20.53,Phoenix,Female,69,80654.4,0,0.0,Low
2024-01-29 18:00:00,34.0522,-118.2437,25.31,Los Angeles,Female,19,70925.66,3,111.46,Low
2024-01-29 19:00:00,41.8781,-87.6298,19.7,Chicago,Female,38,68772.87,9,408.98,Medium
2024-01-29 20:00:00,34.0522,-118.2437,8.93,Los Angeles,Female,66,34784.41,10,132.43,Low
2024-01-29 21:00:00,41.8781,-87.6298,4.56,Chicago,Male,47,45362.14,6,115.02,High
2024-01-29 22:00:00,41.8781,-87.6298,26.73,Chicago,Male,34,95906.73,3,230.73,High
2024-01-29 23:00:00,40.7128,-74.006,23.08,New York,Male,41,55813.52,8,404.85,Medium
2024-01-30 00:00:00,33.4484,-112.074,4.61,Phoenix,Male,18,49416.21,9,851.68,Low
2024-01-30 01:00:00,29.7604,-95.3698,13.62,Houston,Female,65,77933.55,4,118.09,Medium
2024-01-30 02:00:00,41.8781,-87.6298,4.58,Chicago,Male,19,64153.3,10,954.73,High
2024-01-30 03:00:00,34.0522,-118.2437,27.28,Los Angeles,Female,36,82600.72,3,206.83,Low
2024-01-30 04:00:00,41.8781,-87.6298,4.33,Chicago,Male,21,24094.31,9,442.61,High
2024-01-30 05:00:00,41.8781,-87.6298,25.55,Chicago,Male,59,91169.42,8,607.55,Low
2024-01-30 06:00:00,41.8781,-87.6298,24.88,Chicago,Female,48,33927.58,10,398.66,Medium
2024-01-30 07:00:00,29.7604,-95.3698,11.86,Houston,Male,18,81335.07,0,0.0,Medium
2024-01-30 08:00:00,40.7128,-74.006,17.1,New York,Male,44,96819.15,9,875.78,High
2024-01-30 09:00:00,33.4484,-112.074,29.49,Phoenix,Female,45,73424.03,4,218.32,Medium
2024-01-30 10:00:00,41.8781,-87.6298,29.37,Chicago,Male,44,25873.92,7,308.02,Low
2024-01-30 11:00:00,40.7128,-74.006,7.72,New York,Female,51,52181.7,4,134.01,High
2024-01-30 12:00:00,40.7128,-74.006,16.1,New York,Female,44,36559.16,4,82.88,Medium
2024-01-30 13:00:00,41.8781,-87.6298,27.14,Chicago,Male,27,20477.92,10,357.8,Medium
2024-01-30 14:00:00,29.7604,-95.3698,15.3,Houston,Female,41,36674.71,9,171.61,High
2024-01-30 15:00:00,40.7128,-74.006,11.7,New York,Male,48,74882.44,1,57.57,Low
2024-01-30 16:00:00,34.0522,-118.2437,2.59,Los Angeles,Male,26,97091.62,8,625.78,Medium
2024-01-30 17:00:00,34.0522,-118.2437,28.57,Los Angeles,Female,43,89445.97,9,338.78,Low
2024-01-30 18:00:00,34.0522,-118.2437,22.37,Los Angeles,Male,53,20592.86,10,614.93,Medium
2024-01-30 19:00:00,40.7128,-74.006,11.01,New York,Female,24,86518.57,9,228.06,High
2024-01-30 20:00:00,33.4484,-112.074,12.55,Phoenix,Male,44,46567.97,6,522.99,High
2024-01-30 21:00:00,40.7128,-74.006,0.73,New York,Female,70,63678.95,5,145.53,Medium
2024-01-30 22:00:00,40.7128,-74.006,8.53,New York,Female,33,93095.48,0,0.0,Low
2024-01-30 23:00:00,41.8781,-87.6298,16.17,Chicago,Male,53,24565.63,3,271.74,High
2024-01-31 00:00:00,40.7128,-74.006,18.32,New York,Female,30,66491.97,6,459.36,Medium
2024-01-31 01:00:00,29.7604,-95.3698,29.93,Houston,Female,43,89942.08,10,502.86,Low
2024-01-31 02:00:00,41.8781,-87.6298,6.4,Chicago,Male,66,58915.82,6,297.67,Low
2024-01-31 03:00:00,41.8781,-87.6298,27.72,Chicago,Male,35,75658.08,1,57.55,Medium
2024-01-31 04:00:00,40.7128,-74.006,27.87,New York,Male,39,74165.99,10,848.26,High
2024-01-31 05:00:00,41.8781,-87.6298,15.72,Chicago,Female,28,40777.09,0,0.0,Medium
2024-01-31 06:00:00,40.7128,-74.006,8.17,New York,Female,27,42967.26,9,486.83,Medium
2024-01-31 07:00:00,29.7604,-95.3698,7.08,Houston,Male,67,44308.78,7,675.79,Low
2024-01-31 08:00:00,34.0522,-118.2437,15.81,Los Angeles,Male,42,22098.41,6,120.25,Medium
2024-01-31 09:00:00,33.4484,-112.074,11.8,Phoenix,Male,68,90317.2,0,0.0,Medium
2024-01-31 10:00:00,41.8781,-87.6298,22.61,Chicago,Female,49,61147.23,2,195.79,Medium
2024-01-31 11:00:00,34.0522,-118.2437,23.5,Los Angeles,Male,56,63634.77,10,291.21,Medium
2024-01-31 12:00:00,34.0522,-118.2437,28.06,Los Angeles,Female,33,89076.17,4,386.53,Low
2024-01-31 13:00:00,33.4484,-112.074,11.84,Phoenix,Male,31,77306.44,10,713.19,Medium
2024-01-31 14:00:00,41.8781,-87.6298,1.64,Chicago,Male,64,57327.22,0,0.0,Medium
2024-01-31 15:00:00,29.7604,-95.3698,14.6,Houston,Female,47,77800.44,5,136.91,Medium
2024-01-31 16:00:00,33.4484,-112.074,22.44,Phoenix,Female,46,34927.87,9,372.18,High
2024-01-31 17:00:00,34.0522,-118.2437,4.29,Los Angeles,Male,66,59969.17,9,275.87,High
2024-01-31 18:00:00,29.7604,-95.3698,0.95,Houston,Female,37,88272.51,10,697.16,High
2024-01-31 19:00:00,41.8781,-87.6298,25.37,Chicago,Male,38,29312.45,6,570.82,High
2024-01-31 20:00:00,40.7128,-74.006,6.86,New York,Male,19,68280.87,4,375.95,Medium
2024-01-31 21:00:00,40.7128,-74.006,13.15,New York,Male,51,28917.6,1,55.91,Medium
2024-01-31 22:00:00,40.7128,-74.006,14.66,New York,Female,59,45532.6,1,13.92,High
2024-01-31 23:00:00,34.0522,-118.2437,12.69,Los Angeles,Male,68,65189.67,0,0.0,Medium
2024-02-01 00:00:00,29.7604,-95.3698,1.25,Houston,Male,54,31556.77,0,0.0,Medium
2024-02-01 01:00:00,40.7128,-74.006,27.95,New York,Male,26,27071.81,1,92.56,Medium
2024-02-01 02:00:00,41.8781,-87.6298,29.14,Chicago,Female,51,60606.88,6,315.1,High
2024-02-01 03:00:00,40.7128,-74.006,8.98,New York,Female,30,33916.67,3,104.58,Medium
2024-02-01 04:00:00,40.7128,-74.006,26.97,New York,Female,51,54897.34,5,442.1,High
2024-02-01 05:00:00,33.4484,-112.074,12.73,Phoenix,Male,28,69423.28,4,274.71,High
2024-02-01 06:00:00,33.4484,-112.074,21.19,Phoenix,Female,26,47505.04,6,358.93,Medium
2024-02-01 07:00:00,29.7604,-95.3698,16.7,Houston,Male,20,70243.52,6,483.57,High
2024-02-01 08:00:00,33.4484,-112.074,2.55,Phoenix,Male,21,95446.08,5,378.57,Medium
2024-02-01 09:00:00,33.4484,-112.074,27.5,Phoenix,Female,33,76988.72,5,205.08,Medium
2024-02-01 10:00:00,41.8781,-87.6298,23.47,Chicago,Male,18,93514.31,8,556.49,Medium
2024-02-01 11:00:00,40.7128,-74.006,5.68,New York,Male,36,80455.82,6,382.04,High
2024-02-01 12:00:00,40.7128,-74.006,23.21,New York,Female,54,88515.99,3,277.48,High
2024-02-01 13:00:00,33.4484,-112.074,16.8,Phoenix,Female,27,81011.22,4,139.39,Medium
2024-02-01 14:00:00,41.8781,-87.6298,8.08,Chicago,Female,62,25776.03,5,223.7,High
2024-02-01 15:00:00,33.4484,-112.074,28.77,Phoenix,Female,26,80515.25,2,70.45,Medium
2024-02-01 16:00:00,29.7604,-95.3698,21.07,Houston,Male,55,89160.33,9,132.62,High
2024-02-01 17:00:00,34.0522,-118.2437,29.58,Los Angeles,Female,69,45061.85,5,337.97,Low
2024-02-01 18:00:00,34.0522,-118.2437,16.01,Los Angeles,Male,26,23083.53,3,49.26,Medium
2024-02-01 19:00:00,33.4484,-112.074,6.43,Phoenix,Male,31,75536.26,0,0.0,Medium
2024-02-01 20:00:00,40.7128,-74.006,29.99,New York,Female,38,79814.38,6,414.43,Medium
2024-02-01 21:00:00,29.7604,-95.3698,11.57,Houston,Female,70,40038.03,8,458.64,High
2024-02-01 22:00:00,33.4484,-112.074,19.3,Phoenix,Female,24,77047.49,2,158.73,Medium
2024-02-01 23:00:00,41.8781,-87.6298,4.09,Chicago,Female,50,89882.19,2,183.96,High
2024-02-02 00:00:00,33.4484,-112.074,18.17,Phoenix,Male,30,64926.96,10,848.93,Low
2024-02-02 01:00:00,29.7604,-95.3698,2.3,Houston,Male,46,68414.33,7,408.08,Low
2024-02-02 02:00:00,29.7604,-95.3698,3.32,Houston,Female,53,30709.98,10,544.94,High
2024-02-02 03:00:00,29.7604,-95.3698,2.54,Houston,Male,22,78393.56,1,10.49,High
2024-02-02 04:00:00,34.0522,-118.2437,16.87,Los Angeles,Female,45,94916.27,2,81.6,High
2024-02-02 05:00:00,41.8781,-87.6298,7.74,Chicago,Male,57,89931.66,6,254.28,Low
2024-02-02 06:00:00,40.7128,-74.006,27.84,New York,Female,23,93604.83,9,863.22,High
2024-02-02 07:00:00,40.7128,-74.006,18.38,New York,Female,42,78335.52,7,217.95,High
2024-02-02 08:00:00,33.4484,-112.074,3.55,Phoenix,Female,28,87870.73,3,169.14,Medium
2024-02-02 09:00:00,41.8781,-87.6298,8.13,Chicago,Female,37,43829.63,9,373.23,Low
2024-02-02 10:00:00,41.8781,-87.6298,9.72,Chicago,Female,66,74952.92,5,111.57,Low
2024-02-02 11:00:00,33.4484,-112.074,2.71,Phoenix,Female,40,29851.72,4,157.56,Low
2024-02-02 12:00:00,33.4484,-112.074,3.02,Phoenix,Female,50,55749.62,9,890.33,Medium
2024-02-02 13:00:00,29.7604,-95.3698,3.63,Houston,Female,55,25213.97,3,217.71,Medium
2024-02-02 14:00:00,29.7604,-95.3698,1.75,Houston,Female,58,22835.6,5,277.05,Low
2024-02-02 15:00:00,33.4484,-112.074,16.96,Phoenix,Female,41,57316.41,2,181.37,High
2024-02-02 16:00:00,41.8781,-87.6298,4.17,Chicago,Male,59,74566.58,3,248.2,Low
2024-02-02 17:00:00,40.7128,-74.006,20.3,New York,Male,37,90187.68,7,149.75,Medium
2024-02-02 18:00:00,34.0522,-118.2437,28.9,Los Angeles,Female,49,40993.05,3,68.64,Low
2024-02-02 19:00:00,41.8781,-87.6298,12.66,Chicago,Female,26,95335.32,10,919.17,High
2024-02-02 20:00:00,41.8781,-87.6298,12.5,Chicago,Male,61,72931.1,3,122.49,High
2024-02-02 21:00:00,29.7604,-95.3698,15.68,Houston,Female,47,91600.46,10,392.24,High
2024-02-02 22:00:00,40.7128,-74.006,8.52,New York,Female,63,22618.54,8,740.6,High
2024-02-02 23:00:00,29.7604,-95.3698,24.56,Houston,Male,58,83843.63,8,342.65,Low
2024-02-03 00:00:00,34.0522,-118.2437,3.15,Los Angeles,Male,58,93029.32,2,71.24,High
2024-02-03 01:00:00,29.7604,-95.3698,3.59,Houston,Female,50,82734.22,10,654.75,High
2024-02-03 02:00:00,40.7128,-74.006,16.02,New York,Male,56,99189.6,8,152.74,Low
2024-02-03 03:00:00,41.8781,-87.6298,14.69,Chicago,Female,62,97412.28,10,310.26,High
2024-02-03 04:00:00,29.7604,-95.3698,17.66,Houston,Male,70,83738.14,6,366.91,High
2024-02-03 05:00:00,33.4484,-112.074,21.85,Phoenix,Female,40,53527.14,2,188.27,High
2024-02-03 06:00:00,40.7128,-74.006,17.81,New York,Male,19,25519.5,0,0.0,Low
2024-02-03 07:00:00,33.4484,-112.074,24.44,Phoenix,Male,64,37368.94,10,804.9,Low
2024-02-03 08:00:00,29.7604,-95.3698,0.44,Houston,Female,35,27676.86,2,62.76,High
2024-02-03 09:00:00,40.7128,-74.006,3.6,New York,Male,60,74998.34,1,69.63,Medium
2024-02-03 10:00:00,34.0522,-118.2437,16.03,Los Angeles,Female,63,30144.53,1,96.0,Medium
2024-02-03 11:00:00,29.7604,-95.3698,13.6,Houston,Male,20,90743.02,7,448.2,High
2024-02-03 12:00:00,29.7604,-95.3698,3.89,Houston,Female,28,27311.83,8,208.99,Low
2024-02-03 13:00:00,34.0522,-118.2437,11.9,Los Angeles,Female,55,48058.69,7,509.09,Medium
2024-02-03 14:00:00,40.7128,-74.006,18.18,New York,Male,67,96347.75,1,92.75,High
2024-02-03 15:00:00,41.8781,-87.6298,15.01,Chicago,Male,61,52325.05,9,669.26,Low
2024-02-03 16:00:00,34.0522,-118.2437,1.38,Los Angeles,Female,36,77868.74,4,332.17,Low
2024-02-03 17:00:00,33.4484,-112.074,25.4,Phoenix,Female,32,82624.65,5,109.22,Low
2024-02-03 18:00:00,40.7128,-74.006,9.95,New York,Male,19,76615.28,1,43.61,Medium
2024-02-03 19:00:00,41.8781,-87.6298,26.63,Chicago,Female,37,73282.2,0,0.0,Medium
2024-02-03 20:00:00,29.7604,-95.3698,4.02,Houston,Female,21,70812.42,5,140.33,High
2024-02-03 21:00:00,33.4484,-112.074,21.14,Phoenix,Female,24,47063.72,2,125.03,High
2024-02-03 22:00:00,29.7604,-95.3698,16.95,Houston,Female,63,31268.46,5,97.08,High
2024-02-03 23:00:00,33.4484,-112.074,7.39,Phoenix,Female,35,77687.82,7,201.75,High
2024-02-04 00:00:00,40.7128,-74.006,26.59,New York,Female,27,32863.85,2,44.65,Medium
2024-02-04 01:00:00,40.7128,-74.006,25.77,New York,Male,64,87046.47,7,384.43,High
2024-02-04 02:00:00,41.8781,-87.6298,15.95,Chicago,Male,38,30051.83,5,203.39,High
2024-02-04 03:00:00,41.8781,-87.6298,27.24,Chicago,Male,61,47739.76,10,574.23,Low
2024-02-04 04:00:00,33.4484,-112.074,0.71,Phoenix,Male,44,87216.37,7,161.88,Low
2024-02-04 05:00:00,33.4484,-112.074,2.99,Phoenix,Male,31,97449.74,2,86.56,Medium
2024-02-04 06:00:00,34.0522,-118.2437,4.32,Los Angeles,Male,19,33618.55,6,497.96,Medium
2024-02-04 07:00:00,41.8781,-87.6298,19.64,Chicago,Male,19,62671.54,0,0.0,Low
2024-02-04 08:00:00,41.8781,-87.6298,27.99,Chicago,Male,47,31903.09,10,106.82,High
2024-02-04 09:00:00,40.7128,-74.006,26.31,New York,Male,53,39994.52,0,0.0,High
2024-02-04 10:00:00,33.4484,-112.074,10.91,Phoenix,Male,56,40215.15,1,76.9,High
2024-02-04 11:00:00,29.7604,-95.3698,27.93,Houston,Female,40,34804.78,0,0.0,Medium
2024-02-04 12:00:00,41.8781,-87.6298,28.42,Chicago,Male,22,52654.36,7,263.85,Low
2024-02-04 13:00:00,34.0522,-118.2437,15.69,Los Angeles,Male,45,56750.47,9,414.43,Low
2024-02-04 14:00:00,33.4484,-112.074,7.33,Phoenix,Male,60,85279.59,1,86.33,Medium
2024-02-04 15:00:00,40.7128,-74.006,4.51,New York,Male,29,92771.8,2,112.83,High
2024-02-04 16:00:00,41.8781,-87.6298,28.94,Chicago,Male,43,91061.27,4,386.17,High
2024-02-04 17:00:00,40.7128,-74.006,26.65,New York,Female,58,20948.82,3,230.1,Low
2024-02-04 18:00:00,40.7128,-74.006,7.51,New York,Female,48,72063.98,9,760.32,Medium
2024-02-04 19:00:00,34.0522,-118.2437,28.78,Los Angeles,Female,18,83636.6,7,628.25,Medium
2024-02-04 20:00:00,29.7604,-95.3698,13.15,Houston,Male,33,48608.3,5,467.19,Low
2024-02-04 21:00:00,41.8781,-87.6298,17.64,Chicago,Female,19,83743.57,7,441.3,High
2024-02-04 22:00:00,33.4484,-112.074,7.37,Phoenix,Male,54,63884.96,4,270.76,High
2024-02-04 23:00:00,29.7604,-95.3698,10.18,Houston,Female,54,58334.11,8,611.5,High
2024-02-05 00:00:00,41.8781,-87.6298,21.08,Chicago,Female,36,85806.8,3,225.16,High
2024-02-05 01:00:00,29.7604,-95.3698,13.71,Houston,Male,20,58395.0,5,422.89,High
2024-02-05 02:00:00,40.7128,-74.006,11.76,New York,Male,65,76250.41,0,0.0,Medium
2024-02-05 03:00:00,41.8781,-87.6298,2.36,Chicago,Male,21,74514.45,8,738.15,High
2024-02-05 04:00:00,29.7604,-95.3698,16.51,Houston,Male,66,88668.33,5,419.95,High
2024-02-05 05:00:00,33.4484,-112.074,19.97,Phoenix,Female,65,98236.99,2,157.27,Low
2024-02-05 06:00:00,33.4484,-112.074,7.71,Phoenix,Male,67,68074.01,4,47.39,High
2024-02-05 07:00:00,29.7604,-95.3698,7.62,Houston,Male,22,65686.3,4,151.47,Medium
2024-02-05 08:00:00,41.8781,-87.6298,2.15,Chicago,Female,70,72518.08,8,687.02,High
2024-02-05 09:00:00,34.0522,-118.2437,8.46,Los Angeles,Female,43,63150.93,6,172.15,Low
2024-02-05 10:00:00,41.8781,-87.6298,6.06,Chicago,Female,63,82884.42,7,480.96,High
2024-02-05 11:00:00,41.8781,-87.6298,12.7,Chicago,Female,35,32997.27,7,300.61,Low
2024-02-05 12:00:00,40.7128,-74.006,26.2,New York,Female,35,54066.48,10,395.49,Low
2024-02-05 13:00:00,40.7128,-74.006,13.72,New York,Male,21,98626.23,1,97.68,Low
2024-02-05 14:00:00,34.0522,-118.2437,22.55,Los Angeles,Male,70,73864.05,9,794.72,Low
2024-02-05 15:00:00,40.7128,-74.006,7.26,New York,Male,50,44166.11,10,389.27,Low
2024-02-05 16:00:00,40.7128,-74.006,8.16,New York,Female,62,74822.66,8,546.7,Low
2024-02-05 17:00:00,33.4484,-112.074,3.89,Phoenix,Male,20,61666.72,1,63.33,Medium
2024-02-05 18:00:00,33.4484,-112.074,15.05,Phoenix,Male,30,29896.49,2,104.08,High
2024-02-05 19:00:00,29.7604,-95.3698,15.78,Houston,Female,48,50380.02,9,517.96,Medium
2024-02-05 20:00:00,40.7128,-74.006,22.97,New York,Male,58,42614.19,4,354.17,Low
2024-02-05 21:00:00,33.4484,-112.074,25.91,Phoenix,Male,70,42840.8,1,43.93,High
2024-02-05 22:00:00,34.0522,-118.2437,19.16,Los Angeles,Male,32,34086.63,7,583.07,Low
2024-02-05 23:00:00,29.7604,-95.3698,24.05,Houston,Female,21,96066.61,5,279.57,Low
2024-02-06 00:00:00,29.7604,-95.3698,3.48,Houston,Female,47,51427.38,4,151.84,Low
2024-02-06 01:00:00,33.4484,-112.074,29.02,Phoenix,Female,46,42589.65,7,174.88,Medium
2024-02-06 02:00:00,34.0522,-118.2437,16.34,Los Angeles,Female,63,62064.0,9,154.06,Low
2024-02-06 03:00:00,33.4484,-112.074,15.57,Phoenix,Female,28,91792.51,4,86.46,Low
2024-02-06 04:00:00,40.7128,-74.006,6.44,New York,Female,51,84238.38,0,0.0,Medium
2024-02-06 05:00:00,34.0522,-118.2437,29.92,Los Angeles,Male,33,98650.89,4,79.19,High
2024-02-06 06:00:00,41.8781,-87.6298,11.21,Chicago,Male,29,77925.74,5,75.32,Medium
2024-02-06 07:00:00,33.4484,-112.074,15.63,Phoenix,Female,41,69892.25,10,336.38,High
2024-02-06 08:00:00,34.0522,-118.2437,18.96,Los Angeles,Male,22,46603.11,10,940.53,High
2024-02-06 09:00:00,33.4484,-112.074,4.51,Phoenix,Female,39,53179.54,4,227.03,Low
2024-02-06 10:00:00,40.7128,-74.006,7.13,New York,Male,42,88351.0,6,249.82,Low
2024-02-06 11:00:00,34.0522,-118.2437,8.16,Los Angeles,Male,25,21392.81,7,396.01,High
2024-02-06 12:00:00,34.0522,-118.2437,29.77,Los Angeles,Female,18,81214.23,7,564.14,High
2024-02-06 13:00:00,34.0522,-118.2437,25.88,Los Angeles,Female,61,81693.27,7,441.25,Low
2024-02-06 14:00:00,41.8781,-87.6298,24.71,Chicago,Male,34,45376.82,3,158.87,Medium
2024-02-06 15:00:00,29.7604,-95.3698,19.3,Houston,Female,32,40651.53,7,482.97,Medium
2024-02-06 16:00:00,33.4484,-112.074,10.28,Phoenix,Female,60,25313.46,0,0.0,Medium
2024-02-06 17:00:00,34.0522,-118.2437,16.47,Los Angeles,Female,62,37622.51,0,0.0,High
2024-02-06 18:00:00,29.7604,-95.3698,2.86,Houston,Female,51,21782.4,4,101.34,Medium
2024-02-06 19:00:00,29.7604,-95.3698,5.99,Houston,Female,49,60939.63,7,377.28,Low
2024-02-06 20:00:00,34.0522,-118.2437,6.83,Los Angeles,Female,54,70268.27,5,163.65,High
2024-02-06 21:00:00,34.0522,-118.2437,2.83,Los Angeles,Female,65,46830.13,0,0.0,High
2024-02-06 22:00:00,33.4484,-112.074,28.46,Phoenix,Female,51,55131.14,9,472.14,Low
2024-02-06 23:00:00,34.0522,-118.2437,20.11,Los Angeles,Female,25,80706.39,4,211.39,High
2024-02-07 00:00:00,34.0522,-118.2437,7.25,Los Angeles,Male,69,25546.93,1,61.07,Medium
2024-02-07 01:00:00,33.4484,-112.074,19.36,Phoenix,Male,46,23455.92,4,95.68,Low
2024-02-07 02:00:00,33.4484,-112.074,15.71,Phoenix,Female,62,32341.23,1,84.42,High
2024-02-07 03:00:00,33.4484,-112.074,22.47,Phoenix,Female,22,65953.56,8,148.84,Medium
2024-02-07 04:00:00,41.8781,-87.6298,17.43,Chicago,Female,27,23478.66,4,347.88,High
2024-02-07 05:00:00,34.0522,-118.2437,27.14,Los Angeles,Male,56,88463.41,1,73.17,Low
2024-02-07 06:00:00,41.8781,-87.6298,25.38,Chicago,Female,70,41964.72,1,59.0,Medium
2024-02-07 07:00:00,29.7604,-95.3698,1.49,Houston,Female,30,42865.86,3,59.03,High
2024-02-07 08:00:00,33.4484,-112.074,3.74,Phoenix,Male,36,39279.41,6,286.86,Low
2024-02-07 09:00:00,34.0522,-118.2437,28.92,Los Angeles,Female,41,52418.69,0,0.0,Medium
2024-02-07 10:00:00,29.7604,-95.3698,9.84,Houston,Male,45,50169.49,1,80.76,Medium
2024-02-07 11:00:00,29.7604,-95.3698,25.65,Houston,Female,28,46501.74,9,714.41,Medium
2024-02-07 12:00:00,33.4484,-112.074,15.06,Phoenix,Male,26,95179.63,5,164.17,High
2024-02-07 13:00:00,34.0522,-118.2437,23.53,Los Angeles,Female,59,30250.21,4,279.85,High
2024-02-07 14:00:00,33.4484,-112.074,26.8,Phoenix,Male,41,33311.42,0,0.0,Low
2024-02-07 15:00:00,33.4484,-112.074,16.56,Phoenix,Male,34,59576.48,2,113.4,Low
2024-02-07 16:00:00,40.7128,-74.006,8.89,New York,Male,56,28796.52,8,187.61,Medium
2024-02-07 17:00:00,41.8781,-87.6298,10.47,Chicago,Male,70,89251.38,6,393.39,Medium
2024-02-07 18:00:00,34.0522,-118.2437,14.76,Los Angeles,Female,19,49925.86,9,808.97,High
2024-02-07 19:00:00,41.8781,-87.6298,27.83,Chicago,Male,30,43328.98,6,362.54,Low
2024-02-07 20:00:00,34.0522,-118.2437,6.14,Los Angeles,Male,30,53846.94,8,122.13,Low
2024-02-07 21:00:00,29.7604,-95.3698,28.94,Houston,Male,60,42711.4,10,768.19,High
2024-02-07 22:00:00,40.7128,-74.006,26.62,New York,Male,28,55134.98,5,114.06,High
2024-02-07 23:00:00,34.0522,-118.2437,7.34,Los Angeles,Male,66,38163.63,4,109.34,Low
2024-02-08 00:00:00,29.7604,-95.3698,25.01,Houston,Female,53,21098.31,3,185.69,High
2024-02-08 01:00:00,41.8781,-87.6298,17.04,Chicago,Male,24,96602.81,3,60.88,Low
2024-02-08 02:00:00,29.7604,-95.3698,3.65,Houston,Female,44,26994.99,8,145.48,High
2024-02-08 03:00:00,40.7128,-74.006,23.02,New York,Female,67,64397.91,4,145.04,Low
2024-02-08 04:00:00,33.4484,-112.074,16.16,Phoenix,Male,54,31824.52,8,538.76,Low
2024-02-08 05:00:00,41.8781,-87.6298,14.35,Chicago,Male,39,23865.78,1,52.79,Medium
2024-02-08 06:00:00,34.0522,-118.2437,24.71,Los Angeles,Male,33,53618.58,5,400.63,Medium
2024-02-08 07:00:00,29.7604,-95.3698,2.41,Houston,Female,19,21767.68,8,623.66,Medium
2024-02-08 08:00:00,41.8781,-87.6298,22.15,Chicago,Male,18,58389.49,0,0.0,High
2024-02-08 09:00:00,41.8781,-87.6298,12.65,Chicago,Female,32,49465.1,9,143.43,High
2024-02-08 10:00:00,34.0522,-118.2437,19.94,Los Angeles,Female,22,78554.38,0,0.0,Medium
2024-02-08 11:00:00,41.8781,-87.6298,21.41,Chicago,Male,46,34145.5,5,56.47,Medium
2024-02-08 12:00:00,29.7604,-95.3698,2.23,Houston,Female,63,35504.94,10,765.59,Low
2024-02-08 13:00:00,29.7604,-95.3698,22.12,Houston,Male,28,48980.19,6,313.5,High
2024-02-08 14:00:00,40.7128,-74.006,15.35,New York,Female,50,29185.93,3,213.77,Low
2024-02-08 15:00:00,40.7128,-74.006,12.66,New York,Male,18,64388.6,8,723.4,Low
2024-02-08 16:00:00,29.7604,-95.3698,20.69,Houston,Female,27,43776.33,0,0.0,High
2024-02-08 17:00:00,41.8781,-87.6298,3.94,Chicago,Female,64,28389.57,3,261.81,Medium
2024-02-08 18:00:00,40.7128,-74.006,0.66,New York,Male,30,76638.67,6,91.5,Medium
2024-02-08 19:00:00,34.0522,-118.2437,11.54,Los Angeles,Female,50,58293.3,3,138.65,Low
2024-02-08 20:00:00,40.7128,-74.006,19.73,New York,Female,62,44141.34,3,244.96,Medium
2024-02-08 21:00:00,34.0522,-118.2437,26.35,Los Angeles,Male,41,97913.21,9,797.63,High
2024-02-08 22:00:00,33.4484,-112.074,19.37,Phoenix,Female,64,43605.91,2,171.99,High
2024-02-08 23:00:00,29.7604,-95.3698,24.07,Houston,Female,63,74401.58,9,407.75,High
2024-02-09 00:00:00,40.7128,-74.006,9.87,New York,Female,63,76144.14,7,151.03,Medium
2024-02-09 01:00:00,40.7128,-74.006,6.22,New York,Male,66,31935.71,9,755.57,High
2024-02-09 02:00:00,41.8781,-87.6298,2.04,Chicago,Male,36,22352.49,5,259.38,High
2024-02-09 03:00:00,34.0522,-118.2437,14.22,Los Angeles,Female,54,74166.48,2,32.63,High
2024-02-09 04:00:00,29.7604,-95.3698,4.44,Houston,Male,30,71086.85,0,0.0,High
2024-02-09 05:00:00,33.4484,-112.074,11.49,Phoenix,Female,21,69384.53,10,700.25,High
2024-02-09 06:00:00,34.0522,-118.2437,16.26,Los Angeles,Male,29,27820.14,7,393.16,High
2024-02-09 07:00:00,40.7128,-74.006,5.63,New York,Female,65,53767.31,4,194.68,High
2024-02-09 08:00:00,33.4484,-112.074,8.66,Phoenix,Female,24,55461.01,6,100.6,Medium
2024-02-09 09:00:00,41.8781,-87.6298,3.98,Chicago,Female,57,94235.99,6,294.17,High
2024-02-09 10:00:00,40.7128,-74.006,19.52,New York,Male,58,94698.12,4,139.57,High
2024-02-09 11:00:00,40.7128,-74.006,21.27,New York,Male,68,98930.51,3,242.09,Medium
2024-02-09 12:00:00,40.7128,-74.006,28.44,New York,Male,48,47739.64,4,208.93,High
2024-02-09 13:00:00,40.7128,-74.006,21.81,New York,Female,61,41153.5,6,113.47,Medium
2024-02-09 14:00:00,40.7128,-74.006,8.63,New York,Male,21,33435.92,10,777.63,Medium
2024-02-09 15:00:00,33.4484,-112.074,16.79,Phoenix,Male,48,21885.14,4,231.46,High
2024-02-09 16:00:00,34.0522,-118.2437,29.21,Los Angeles,Male,25,85322.89,7,433.15,Medium
2024-02-09 17:00:00,40.7128,-74.006,16.3,New York,Female,67,26580.08,1,42.15,Low
2024-02-09 18:00:00,40.7128,-74.006,12.3,New York,Male,18,76358.41,2,111.62,High
2024-02-09 19:00:00,40.7128,-74.006,7.62,New York,Female,60,56193.83,6,554.37,Low
2024-02-09 20:00:00,33.4484,-112.074,23.87,Phoenix,Female,56,98664.72,6,288.64,High
2024-02-09 21:00:00,34.0522,-118.2437,27.14,Los Angeles,Male,47,55832.85,5,340.48,High
2024-02-09 22:00:00,40.7128,-74.006,6.3,New York,Female,55,91447.21,6,109.22,Medium
2024-02-09 23:00:00,41.8781,-87.6298,25.15,Chicago,Male,61,27840.64,2,161.05,Low
2024-02-10 00:00:00,41.8781,-87.6298,29.85,Chicago,Male,50,41555.38,10,911.03,Medium
2024-02-10 01:00:00,40.7128,-74.006,26.15,New York,Male,62,28887.16,2,59.19,Low
2024-02-10 02:00:00,40.7128,-74.006,15.12,New York,Male,64,40201.69,5,289.61,Medium
2024-02-10 03:00:00,34.0522,-118.2437,22.69,Los Angeles,Female,64,68889.21,2,162.35,Medium
2024-02-10 04:00:00,29.7604,-95.3698,15.04,Houston,Female,23,85301.16,10,504.31,High
2024-02-10 05:00:00,33.4484,-112.074,2.06,Phoenix,Female,68,74853.45,6,304.05,High
2024-02-10 06:00:00,41.8781,-87.6298,20.98,Chicago,Male,55,55459.3,1,30.9,Low
2024-02-10 07:00:00,41.8781,-87.6298,22.88,Chicago,Male,63,70694.05,4,366.27,High
2024-02-10 08:00:00,34.0522,-118.2437,23.83,Los Angeles,Female,43,82880.85,6,126.98,High
2024-02-10 09:00:00,29.7604,-95.3698,1.09,Houston,Male,24,68104.05,1,11.55,Low
2024-02-10 10:00:00,29.7604,-95.3698,24.15,Houston,Male,18,81949.42,6,432.68,High
2024-02-10 11:00:00,40.7128,-74.006,8.76,New York,Female,51,20216.18,4,51.15,Medium
2024-02-10 12:00:00,34.0522,-118.2437,24.35,Los Angeles,Male,57,53759.52,9,93.33,Medium
2024-02-10 13:00:00,29.7604,-95.3698,25.35,Houston,Female,61,36740.09,6,477.45,High
2024-02-10 14:00:00,33.4484,-112.074,13.94,Phoenix,Female,63,32236.47,3,180.55,Medium
2024-02-10 15:00:00,40.7128,-74.006,29.26,New York,Female,65,53691.43,2,32.0,Medium
2024-02-10 16:00:00,29.7604,-95.3698,3.58,Houston,Male,65,50092.48,5,459.4,Low
2024-02-10 17:00:00,33.4484,-112.074,22.35,Phoenix,Male,32,52966.66,4,100.31,Medium
2024-02-10 18:00:00,34.0522,-118.2437,4.43,Los Angeles,Female,67,95318.53,3,210.41,Medium
2024-02-10 19:00:00,33.4484,-112.074,25.71,Phoenix,Female,29,42716.54,7,581.69,Low
2024-02-10 20:00:00,40.7128,-74.006,3.96,New York,Female,41,46807.61,7,157.24,Low
2024-02-10 21:00:00,29.7604,-95.3698,25.56,Houston,Female,54,86469.12,9,473.34,Medium
2024-02-10 22:00:00,41.8781,-87.6298,11.29,Chicago,Male,44,52246.01,10,767.32,Medium
2024-02-10 23:00:00,33.4484,-112.074,11.98,Phoenix,Male,65,67280.85,5,431.99,Low
2024-02-11 00:00:00,40.7128,-74.006,16.32,New York,Female,55,65443.21,8,491.6,Low
2024-02-11 01:00:00,29.7604,-95.3698,13.31,Houston,Male,67,77262.09,4,58.33,Low
2024-02-11 02:00:00,34.0522,-118.2437,2.78,Los Angeles,Male,55,73645.39,7,662.22,Medium
2024-02-11 03:00:00,40.7128,-74.006,5.8,New York,Female,61,70434.81,8,414.09,Medium
2024-02-11 04:00:00,29.7604,-95.3698,18.73,Houston,Male,43,74828.84,1,15.18,Medium
2024-02-11 05:00:00,33.4484,-112.074,29.39,Phoenix,Female,43,33784.64,1,53.74,Low
2024-02-11 06:00:00,29.7604,-95.3698,3.21,Houston,Male,47,40156.41,5,265.39,Low
2024-02-11 07:00:00,33.4484,-112.074,7.54,Phoenix,Female,57,58936.85,9,702.27,High
2024-02-11 08:00:00,33.4484,-112.074,4.42,Phoenix,Male,25,61660.06,8,683.05,Medium
2024-02-11 09:00:00,33.4484,-112.074,24.44,Phoenix,Female,42,26177.26,2,22.38,Medium
2024-02-11 10:00:00,29.7604,-95.3698,7.72,Houston,Male,21,94255.56,8,413.65,High
2024-02-11 11:00:00,34.0522,-118.2437,10.57,Los Angeles,Male,67,20519.59,4,316.53,Medium
2024-02-11 12:00:00,33.4484,-112.074,20.22,Phoenix,Male,26,45157.72,9,706.22,High
2024-02-11 13:00:00,29.7604,-95.3698,8.68,Houston,Female,44,87887.2,8,625.43,Low
2024-02-11 14:00:00,41.8781,-87.6298,16.28,Chicago,Male,59,40123.17,4,224.21,Medium
2024-02-11 15:00:00,29.7604,-95.3698,16.26,Houston,Male,49,27736.9,8,364.3,Medium
